0,1,2,3,4,5,6,7,8,9,10,11,12,13
5.0,265.0,26.0,17.0,0.08415841584158416,7.0,353.0,19.0,202.0,1.0,29.0,0.14356435643564355,15.0,0.11428571428571428
6.0,45.0,11.0,2.0,0.08,9.0,95.0,13.0,25.0,2.0,7.0,0.28,27.0,0.39436619718309857
6.0,83.0,1.0,3.0,0.039473684210526314,5.0,96.0,5.0,76.0,1.0,6.0,0.07894736842105263,4.0,0.23809523809523808
4.0,98.0,6.0,6.0,0.08,6.0,123.0,10.0,75.0,1.0,7.0,0.09333333333333334,10.0,0.22448979591836735
5.0,345.0,9.0,16.0,0.05228758169934641,8.0,621.0,45.0,306.0,1.0,57.0,0.18627450980392157,10.0,0.03666666666666667
5.0,12.0,3.0,1.0,0.16666666666666666,6.0,28.0,13.0,6.0,1.0,1.0,0.16666666666666666,3.0,0.17391304347826086
3.0,24.0,1.0,1.0,0.045454545454545456,4.0,43.0,11.0,22.0,1.0,4.0,0.18181818181818182,9.0,0.5
6.0,228.0,8.0,15.0,0.07653061224489796,6.0,247.0,10.0,196.0,1.0,18.0,0.09183673469387756,15.0,0.32653061224489793
6.0,323.0,94.0,12.0,0.10909090909090909,7.0,489.0,72.0,110.0,1.0,27.0,0.24545454545454545,40.0,0.1151685393258427
6.0,274.0,3.0,14.0,0.058577405857740586,5.0,292.0,4.0,239.0,1.0,26.0,0.1087866108786611,4.0,0.09803921568627451
6.0,1041.0,74.0,69.0,0.0957004160887656,9.0,1546.0,77.0,721.0,1.0,136.0,0.18862690707350901,184.0,0.22839506172839505
6.0,626.0,27.0,33.0,0.062264150943396226,7.0,774.0,42.0,530.0,1.0,53.0,0.1,53.0,0.2231404958677686
2.0,21.0,0.0,0.0,0.0,3.0,24.0,1.0,20.0,1.0,3.0,0.15,2.0,0.6
3.0,22.0,1.0,1.0,0.05,4.0,26.0,2.0,20.0,1.0,3.0,0.15,1.0,0.2857142857142857
6.0,119.0,23.0,1.0,0.011363636363636364,10.0,196.0,45.0,88.0,6.0,7.0,0.07954545454545454,48.0,0.45794392523364486
6.0,515.0,16.0,15.0,0.03409090909090909,7.0,795.0,39.0,440.0,1.0,64.0,0.14545454545454545,31.0,0.09785932721712538
3.0,9.0,1.0,2.0,0.3333333333333333,3.0,11.0,4.0,6.0,1.0,1.0,0.16666666666666666,2.0,0.5
6.0,390.0,5.0,16.0,0.0446927374301676,7.0,455.0,10.0,358.0,1.0,30.0,0.08379888268156424,24.0,0.2631578947368421
6.0,184.0,23.0,14.0,0.1320754716981132,9.0,238.0,20.0,106.0,1.0,12.0,0.11320754716981132,27.0,0.22950819672131148
6.0,1005.0,36.0,82.0,0.11468531468531469,8.0,2526.0,71.0,715.0,1.0,201.0,0.2811188811188811,388.0,0.21707589285714285
6.0,996.0,31.0,58.0,0.08708708708708708,10.0,1218.0,35.0,666.0,1.0,76.0,0.11411411411411411,157.0,0.2947761194029851
5.0,1266.0,3.0,27.0,0.021969080553295363,7.0,1494.0,20.0,1229.0,2.0,82.0,0.06672091131000814,42.0,0.17063492063492064
4.0,144.0,6.0,10.0,0.08064516129032258,7.0,214.0,16.0,124.0,1.0,16.0,0.12903225806451613,26.0,0.3253012048192771
3.0,44.0,4.0,4.0,0.12903225806451613,7.0,102.0,17.0,31.0,1.0,6.0,0.1935483870967742,2.0,0.043478260869565216
3.0,40.0,3.0,3.0,0.09090909090909091,6.0,71.0,16.0,33.0,1.0,5.0,0.15151515151515152,9.0,0.2564102564102564
2.0,24.0,0.0,0.0,0.0,3.0,25.0,1.0,23.0,1.0,1.0,0.043478260869565216,0.0,0.3333333333333333
3.0,117.0,3.0,5.0,0.045871559633027525,4.0,139.0,7.0,109.0,1.0,12.0,0.11009174311926606,7.0,0.26666666666666666
6.0,483.0,42.0,38.0,0.10704225352112676,8.0,743.0,32.0,355.0,1.0,76.0,0.2140845070422535,101.0,0.2649350649350649
6.0,263.0,25.0,15.0,0.08875739644970414,5.0,222.0,9.0,169.0,1.0,14.0,0.08284023668639054,11.0,0.2222222222222222
6.0,1276.0,27.0,73.0,0.06992337164750957,11.0,1261.0,21.0,1044.0,1.0,72.0,0.06896551724137931,41.0,0.21105527638190955
5.0,246.0,28.0,12.0,0.06153846153846154,7.0,298.0,31.0,195.0,1.0,10.0,0.05128205128205128,23.0,0.23076923076923078
2.0,10.0,0.0,0.0,0.0,3.0,12.0,1.0,9.0,1.0,2.0,0.2222222222222222,0.0,0.3333333333333333
5.0,289.0,69.0,7.0,0.036458333333333336,8.0,515.0,50.0,192.0,1.0,20.0,0.10416666666666667,84.0,0.2631578947368421
3.0,130.0,6.0,11.0,0.0990990990990991,10.0,159.0,6.0,111.0,7.0,11.0,0.0990990990990991,25.0,0.5777777777777777
5.0,1031.0,81.0,62.0,0.07788944723618091,10.0,1340.0,40.0,796.0,1.0,136.0,0.1708542713567839,141.0,0.26591760299625467
6.0,1073.0,3.0,30.0,0.02967359050445104,5.0,1135.0,14.0,1011.0,1.0,63.0,0.06231454005934718,13.0,0.125
6.0,490.0,83.0,19.0,0.06229508196721312,11.0,748.0,53.0,305.0,1.0,49.0,0.16065573770491803,48.0,0.1192214111922141
6.0,169.0,3.0,9.0,0.05921052631578947,6.0,216.0,9.0,152.0,2.0,27.0,0.17763157894736842,8.0,0.15517241379310345
3.0,1159.0,1.0,8.0,0.006956521739130435,4.0,1188.0,3.0,1150.0,1.0,30.0,0.02608695652173913,2.0,0.08571428571428572
6.0,108.0,1.0,4.0,0.04081632653061224,3.0,107.0,2.0,98.0,1.0,6.0,0.061224489795918366,0.0,0.1
3.0,19.0,1.0,1.0,0.058823529411764705,3.0,22.0,4.0,17.0,1.0,1.0,0.058823529411764705,2.0,0.5
6.0,773.0,20.0,65.0,0.12922465208747516,10.0,1948.0,62.0,503.0,1.0,126.0,0.2504970178926441,259.0,0.1832276250880902
6.0,1106.0,7.0,45.0,0.044820717131474105,7.0,1429.0,28.0,1004.0,1.0,95.0,0.0946215139442231,66.0,0.15876777251184834
2.0,4.0,0.0,0.0,0.0,3.0,5.0,1.0,3.0,1.0,1.0,0.3333333333333333,1.0,0.6666666666666666
3.0,6.0,2.0,1.0,0.3333333333333333,3.0,11.0,7.0,3.0,1.0,1.0,0.3333333333333333,0.0,0.125
3.0,37.0,4.0,2.0,0.06896551724137931,4.0,37.0,5.0,29.0,1.0,2.0,0.06896551724137931,0.0,0.1111111111111111
6.0,473.0,8.0,27.0,0.07142857142857142,5.0,581.0,83.0,378.0,1.0,36.0,0.09523809523809523,18.0,0.09547738693467336
6.0,1136.0,9.0,45.0,0.04455445544554455,5.0,1259.0,46.0,1010.0,1.0,66.0,0.06534653465346535,32.0,0.1375
6.0,134.0,11.0,14.0,0.14893617021276595,6.0,437.0,83.0,94.0,1.0,17.0,0.18085106382978725,18.0,0.05555555555555555
3.0,70.0,1.0,1.0,0.014705882352941176,4.0,120.0,21.0,68.0,1.0,9.0,0.1323529411764706,3.0,0.07547169811320754
3.0,306.0,7.0,10.0,0.03571428571428571,4.0,462.0,55.0,280.0,1.0,17.0,0.060714285714285714,25.0,0.1452513966480447
4.0,193.0,2.0,7.0,0.038461538461538464,4.0,212.0,5.0,182.0,1.0,17.0,0.09340659340659341,1.0,0.06896551724137931
6.0,172.0,19.0,7.0,0.056451612903225805,4.0,201.0,32.0,124.0,1.0,12.0,0.0967741935483871,6.0,0.08974358974358974
4.0,237.0,19.0,8.0,0.03940886699507389,8.0,374.0,20.0,203.0,1.0,50.0,0.24630541871921183,38.0,0.22807017543859648
3.0,18.0,6.0,1.0,0.09090909090909091,6.0,40.0,15.0,11.0,1.0,2.0,0.18181818181818182,8.0,0.3
4.0,257.0,12.0,7.0,0.03017241379310345,10.0,393.0,19.0,232.0,1.0,33.0,0.14224137931034483,36.0,0.25170068027210885
4.0,50.0,4.0,3.0,0.07142857142857142,4.0,55.0,4.0,42.0,1.0,4.0,0.09523809523809523,1.0,0.15384615384615385
5.0,140.0,3.0,1.0,0.007462686567164179,4.0,164.0,11.0,134.0,1.0,12.0,0.08955223880597014,6.0,0.2413793103448276
6.0,1346.0,184.0,53.0,0.06535141800246609,6.0,1351.0,87.0,811.0,1.0,113.0,0.13933415536374846,49.0,0.09765625
6.0,2198.0,34.0,80.0,0.04226096143687269,9.0,3794.0,56.0,1893.0,1.0,241.0,0.12731114632857898,331.0,0.17994579945799458
4.0,265.0,9.0,14.0,0.06306306306306306,5.0,358.0,25.0,222.0,1.0,31.0,0.13963963963963963,19.0,0.15037593984962405
6.0,712.0,13.0,31.0,0.050488599348534204,8.0,1001.0,82.0,614.0,1.0,63.0,0.10260586319218241,51.0,0.14444444444444443
6.0,655.0,31.0,58.0,0.15064935064935064,8.0,1236.0,52.0,385.0,1.0,110.0,0.2857142857142857,212.0,0.25478468899521534
3.0,38.0,3.0,3.0,0.09375,6.0,113.0,17.0,32.0,1.0,8.0,0.25,24.0,0.30864197530864196
3.0,88.0,5.0,7.0,0.10294117647058823,6.0,126.0,18.0,68.0,1.0,5.0,0.07352941176470588,2.0,0.05263157894736842
4.0,192.0,13.0,1.0,0.005649717514124294,8.0,298.0,45.0,177.0,1.0,10.0,0.05649717514124294,27.0,0.23140495867768596
3.0,26.0,3.0,2.0,0.09523809523809523,4.0,30.0,5.0,21.0,1.0,2.0,0.09523809523809523,3.0,0.4
6.0,720.0,4.0,19.0,0.027777777777777776,6.0,772.0,23.0,684.0,1.0,32.0,0.04678362573099415,17.0,0.20930232558139536
3.0,7.0,1.0,1.0,0.2,2.0,6.0,0.0,5.0,0.0,0.0,0.0,0.0,0.5
4.0,375.0,39.0,18.0,0.05901639344262295,7.0,591.0,57.0,305.0,1.0,55.0,0.18032786885245902,41.0,0.15498154981549817
6.0,121.0,1.0,7.0,0.06422018348623854,5.0,178.0,15.0,109.0,1.0,16.0,0.14678899082568808,7.0,0.11428571428571428
2.0,25.0,0.0,0.0,0.0,6.0,40.0,7.0,24.0,1.0,2.0,0.08333333333333333,6.0,0.4375
6.0,509.0,33.0,15.0,0.04087193460490463,9.0,982.0,44.0,367.0,1.0,53.0,0.1444141689373297,137.0,0.22885572139303484
2.0,77.0,0.0,0.0,0.0,4.0,93.0,3.0,76.0,1.0,10.0,0.13157894736842105,4.0,0.29411764705882354
6.0,6196.0,181.0,324.0,0.06335549472037544,9.0,6446.0,66.0,5114.0,1.0,370.0,0.07235041063746578,221.0,0.18484596169858453
3.0,58.0,4.0,1.0,0.018867924528301886,4.0,66.0,10.0,53.0,1.0,2.0,0.03773584905660377,2.0,0.21428571428571427
2.0,3.0,0.0,0.0,0.0,3.0,4.0,1.0,2.0,1.0,1.0,0.5,0.0,0.3333333333333333
6.0,1847.0,131.0,133.0,0.12157221206581353,8.0,3475.0,87.0,1094.0,1.0,330.0,0.3016453382084095,170.0,0.07566371681415929
6.0,289.0,3.0,16.0,0.061068702290076333,7.0,518.0,15.0,262.0,1.0,74.0,0.2824427480916031,77.0,0.30952380952380953
4.0,88.0,44.0,5.0,0.16666666666666666,5.0,95.0,27.0,30.0,2.0,4.0,0.13333333333333333,2.0,0.04918032786885246
6.0,1323.0,7.0,32.0,0.026101141924959218,6.0,1574.0,26.0,1226.0,1.0,121.0,0.09869494290375204,50.0,0.15454545454545454
4.0,116.0,19.0,5.0,0.05555555555555555,6.0,198.0,65.0,90.0,1.0,12.0,0.13333333333333333,21.0,0.205607476635514
3.0,9.0,1.0,1.0,0.14285714285714285,3.0,9.0,1.0,7.0,1.0,1.0,0.14285714285714285,0.0,0.3333333333333333
3.0,288.0,17.0,5.0,0.018796992481203006,5.0,381.0,86.0,266.0,1.0,13.0,0.04887218045112782,13.0,0.12962962962962962
2.0,8.0,0.0,0.0,0.0,3.0,9.0,1.0,7.0,1.0,1.0,0.14285714285714285,0.0,0.3333333333333333
6.0,834.0,14.0,35.0,0.04895104895104895,7.0,849.0,21.0,715.0,1.0,34.0,0.04755244755244755,26.0,0.2109375
7.0,3068.0,183.0,210.0,0.13962765957446807,8.0,4755.0,87.0,1504.0,1.0,327.0,0.21742021276595744,412.0,0.12898188632104934
2.0,6.0,0.0,0.0,0.0,3.0,7.0,1.0,5.0,1.0,1.0,0.2,0.0,0.3333333333333333
4.0,1203.0,3.0,24.0,0.020477815699658702,6.0,1280.0,8.0,1172.0,1.0,48.0,0.040955631399317405,21.0,0.22448979591836735
6.0,269.0,28.0,19.0,0.10555555555555556,8.0,569.0,72.0,180.0,1.0,39.0,0.21666666666666667,62.0,0.168
6.0,731.0,3.0,30.0,0.04457652303120357,5.0,826.0,14.0,673.0,1.0,66.0,0.09806835066864784,17.0,0.12244897959183673
6.0,1095.0,32.0,77.0,0.09935483870967741,12.0,2007.0,67.0,775.0,1.0,160.0,0.2064516129032258,301.0,0.24896949711459193
6.0,434.0,5.0,18.0,0.046753246753246755,6.0,649.0,25.0,385.0,1.0,58.0,0.15064935064935064,50.0,0.2
3.0,40.0,1.0,2.0,0.05405405405405406,4.0,59.0,16.0,37.0,1.0,5.0,0.13513513513513514,14.0,0.6521739130434783
5.0,35.0,9.0,2.0,0.1,5.0,40.0,5.0,20.0,3.0,6.0,0.3,0.0,0.047619047619047616
6.0,1746.0,135.0,119.0,0.11632453567937438,11.0,2934.0,73.0,1023.0,1.0,235.0,0.22971652003910067,514.0,0.27148128624143386
3.0,97.0,1.0,3.0,0.03225806451612903,3.0,96.0,1.0,93.0,1.0,2.0,0.021505376344086023,1.0,0.5
6.0,288.0,5.0,17.0,0.07053941908713693,5.0,294.0,8.0,241.0,1.0,17.0,0.07053941908713693,11.0,0.22641509433962265
2.0,44.0,0.0,0.0,0.0,3.0,49.0,1.0,43.0,1.0,5.0,0.11627906976744186,1.0,0.2857142857142857
5.0,365.0,5.0,6.0,0.017191977077363897,4.0,360.0,4.0,349.0,1.0,4.0,0.011461318051575931,1.0,0.18181818181818182
3.0,13.0,2.0,2.0,0.2222222222222222,4.0,18.0,3.0,9.0,1.0,3.0,0.3333333333333333,0.0,0.1111111111111111
3.0,46.0,2.0,4.0,0.1,4.0,76.0,24.0,40.0,1.0,4.0,0.1,19.0,0.5882352941176471
6.0,214.0,30.0,12.0,0.096,6.0,345.0,54.0,125.0,1.0,12.0,0.096,50.0,0.2318181818181818
3.0,3.0,1.0,1.0,1.0,2.0,2.0,0.0,1.0,0.0,0.0,0.0,0.0,0.5
6.0,1232.0,4.0,34.0,0.029159519725557463,7.0,1410.0,13.0,1166.0,1.0,92.0,0.07890222984562607,38.0,0.17105263157894737
6.0,714.0,24.0,69.0,0.15753424657534246,9.0,1248.0,44.0,438.0,1.0,103.0,0.23515981735159816,180.0,0.22681704260651628
6.0,746.0,145.0,24.0,0.06666666666666667,10.0,1045.0,45.0,360.0,1.0,77.0,0.21388888888888888,72.0,0.1130030959752322
6.0,42.0,1.0,4.0,0.12121212121212122,4.0,45.0,2.0,33.0,1.0,7.0,0.21212121212121213,5.0,0.5
6.0,1232.0,57.0,140.0,0.19390581717451524,14.0,1935.0,56.0,722.0,1.0,194.0,0.26869806094182824,340.0,0.2846410684474123
4.0,87.0,4.0,6.0,0.08571428571428572,4.0,105.0,9.0,70.0,1.0,9.0,0.12857142857142856,3.0,0.11428571428571428
4.0,113.0,5.0,5.0,0.049019607843137254,6.0,151.0,10.0,102.0,1.0,12.0,0.11764705882352941,11.0,0.2553191489361702
3.0,157.0,1.0,2.0,0.012987012987012988,3.0,163.0,4.0,154.0,1.0,4.0,0.025974025974025976,1.0,0.2
5.0,552.0,18.0,27.0,0.057692307692307696,6.0,673.0,22.0,468.0,1.0,52.0,0.1111111111111111,48.0,0.2552083333333333
3.0,69.0,4.0,1.0,0.015625,4.0,75.0,6.0,64.0,1.0,4.0,0.0625,0.0,0.08333333333333333
5.0,58.0,5.0,5.0,0.1111111111111111,4.0,53.0,2.0,45.0,1.0,5.0,0.1111111111111111,2.0,0.3333333333333333
4.0,136.0,14.0,6.0,0.05825242718446602,5.0,146.0,10.0,103.0,1.0,11.0,0.10679611650485436,8.0,0.21428571428571427
3.0,17.0,1.0,1.0,0.06666666666666667,2.0,16.0,0.0,15.0,0.0,0.0,0.0,0.0,0.5
6.0,184.0,28.0,8.0,0.06060606060606061,6.0,257.0,75.0,132.0,1.0,17.0,0.12878787878787878,16.0,0.1349206349206349
6.0,363.0,65.0,24.0,0.10084033613445378,7.0,437.0,39.0,238.0,1.0,31.0,0.13025210084033614,33.0,0.18181818181818182
5.0,9.0,1.0,1.0,0.2,2.0,6.0,0.0,5.0,0.0,0.0,0.0,0.0,0.5
3.0,19.0,12.0,2.0,0.4,7.0,82.0,17.0,5.0,2.0,2.0,0.4,21.0,0.28205128205128205
6.0,1209.0,68.0,71.0,0.09208819714656291,9.0,2144.0,56.0,771.0,1.0,161.0,0.20881971465629054,386.0,0.2851879145173176
6.0,544.0,6.0,18.0,0.03536345776031434,6.0,630.0,9.0,509.0,1.0,43.0,0.08447937131630648,17.0,0.1487603305785124
6.0,227.0,18.0,12.0,0.07272727272727272,5.0,387.0,71.0,165.0,1.0,27.0,0.16363636363636364,17.0,0.08108108108108109
6.0,1186.0,20.0,52.0,0.050980392156862744,9.0,2012.0,37.0,1020.0,1.0,179.0,0.17549019607843136,322.0,0.3282520325203252
4.0,192.0,12.0,6.0,0.03529411764705882,4.0,227.0,34.0,170.0,1.0,16.0,0.09411764705882353,11.0,0.21052631578947367
6.0,2726.0,204.0,99.0,0.12975098296199214,10.0,2165.0,69.0,763.0,1.0,123.0,0.16120576671035386,123.0,0.09309309309309309
6.0,762.0,34.0,56.0,0.09773123909249563,8.0,1295.0,31.0,573.0,1.0,117.0,0.20418848167539266,189.0,0.2649930264993027
3.0,116.0,3.0,5.0,0.047619047619047616,5.0,191.0,12.0,105.0,1.0,21.0,0.2,18.0,0.2289156626506024
3.0,7.0,2.0,2.0,0.6666666666666666,3.0,6.0,2.0,3.0,1.0,1.0,0.3333333333333333,1.0,0.5
4.0,141.0,4.0,10.0,0.08333333333333333,8.0,432.0,32.0,120.0,2.0,33.0,0.275,17.0,0.06315789473684211
6.0,639.0,56.0,27.0,0.054,8.0,814.0,58.0,500.0,1.0,41.0,0.082,63.0,0.20317460317460317
6.0,1231.0,25.0,79.0,0.0771484375,9.0,2435.0,52.0,1024.0,1.0,180.0,0.17578125,249.0,0.17806267806267806
4.0,54.0,2.0,5.0,0.1111111111111111,4.0,68.0,5.0,45.0,1.0,9.0,0.2,6.0,0.2916666666666667
4.0,281.0,4.0,8.0,0.03018867924528302,3.0,293.0,2.0,265.0,1.0,26.0,0.09811320754716982,1.0,0.07142857142857142
5.0,127.0,12.0,7.0,0.06796116504854369,3.0,114.0,6.0,103.0,1.0,5.0,0.04854368932038835,3.0,0.3333333333333333
6.0,461.0,77.0,25.0,0.07886435331230283,5.0,513.0,81.0,317.0,1.0,37.0,0.1167192429022082,42.0,0.22631578947368422
6.0,572.0,16.0,40.0,0.08968609865470852,5.0,644.0,52.0,446.0,1.0,43.0,0.09641255605381166,31.0,0.16580310880829016
4.0,97.0,19.0,4.0,0.07017543859649122,7.0,262.0,58.0,57.0,1.0,7.0,0.12280701754385964,50.0,0.2602040816326531
2.0,103.0,0.0,0.0,0.0,3.0,106.0,1.0,102.0,1.0,3.0,0.029411764705882353,0.0,0.2
10.0,1762.0,40.0,233.0,0.22933070866141733,7.0,1457.0,51.0,1016.0,1.0,138.0,0.13582677165354332,64.0,0.14942528735632185
3.0,23.0,1.0,1.0,0.047619047619047616,3.0,26.0,2.0,21.0,1.0,2.0,0.09523809523809523,1.0,0.3333333333333333
3.0,18.0,1.0,3.0,0.21428571428571427,5.0,26.0,3.0,14.0,1.0,5.0,0.35714285714285715,3.0,0.3076923076923077
6.0,1015.0,171.0,43.0,0.07214765100671142,7.0,1010.0,75.0,596.0,1.0,52.0,0.087248322147651,75.0,0.18446601941747573
4.0,522.0,8.0,18.0,0.037037037037037035,6.0,729.0,18.0,486.0,1.0,46.0,0.09465020576131687,28.0,0.125
6.0,211.0,9.0,17.0,0.10759493670886076,4.0,188.0,9.0,158.0,1.0,12.0,0.0759493670886076,3.0,0.12903225806451613
6.0,767.0,17.0,20.0,0.028409090909090908,6.0,1027.0,62.0,704.0,2.0,62.0,0.08806818181818182,21.0,0.07166123778501629
3.0,29.0,3.0,4.0,0.18181818181818182,5.0,37.0,6.0,22.0,1.0,3.0,0.13636363636363635,2.0,0.1875
3.0,36.0,1.0,1.0,0.029411764705882353,5.0,58.0,8.0,34.0,1.0,6.0,0.17647058823529413,7.0,0.36363636363636365
2.0,2.0,0.0,0.0,0.0,3.0,3.0,1.0,1.0,1.0,1.0,1.0,0.0,0.3333333333333333
4.0,106.0,20.0,6.0,0.08450704225352113,7.0,247.0,67.0,71.0,1.0,23.0,0.323943661971831,7.0,0.047337278106508875
3.0,101.0,1.0,1.0,0.010101010101010102,3.0,103.0,1.0,99.0,1.0,3.0,0.030303030303030304,0.0,0.2
6.0,684.0,15.0,29.0,0.04873949579831933,10.0,1011.0,39.0,595.0,1.0,75.0,0.12605042016806722,100.0,0.24396135265700483
2.0,14.0,0.0,0.0,0.0,4.0,23.0,5.0,13.0,1.0,2.0,0.15384615384615385,1.0,0.18181818181818182
3.0,10.0,1.0,1.0,0.125,5.0,38.0,13.0,8.0,1.0,3.0,0.375,1.0,0.07142857142857142
6.0,554.0,102.0,26.0,0.10569105691056911,10.0,964.0,62.0,246.0,1.0,93.0,0.3780487804878049,175.0,0.2558139534883721
4.0,220.0,6.0,15.0,0.08152173913043478,5.0,230.0,6.0,184.0,1.0,21.0,0.11413043478260869,14.0,0.32608695652173914
3.0,103.0,4.0,27.0,0.4426229508196721,3.0,67.0,1.0,61.0,1.0,5.0,0.08196721311475409,1.0,0.3333333333333333
5.0,54.0,2.0,1.0,0.021739130434782608,4.0,55.0,3.0,46.0,1.0,3.0,0.06521739130434782,0.0,0.1
5.0,274.0,14.0,11.0,0.046413502109704644,4.0,262.0,6.0,237.0,1.0,14.0,0.05907172995780591,8.0,0.375
6.0,98.0,14.0,5.0,0.14285714285714285,8.0,348.0,71.0,35.0,1.0,10.0,0.2857142857142857,81.0,0.2611464968152866
3.0,7.0,2.0,1.0,0.25,4.0,24.0,17.0,4.0,1.0,1.0,0.25,0.0,0.05
5.0,435.0,6.0,8.0,0.019230769230769232,5.0,500.0,21.0,416.0,1.0,23.0,0.055288461538461536,11.0,0.14457831325301204
4.0,57.0,3.0,6.0,0.13636363636363635,6.0,98.0,10.0,44.0,1.0,14.0,0.3181818181818182,5.0,0.11320754716981132
4.0,19.0,1.0,1.0,0.0625,3.0,20.0,1.0,16.0,1.0,3.0,0.1875,1.0,0.4
6.0,97.0,2.0,4.0,0.045454545454545456,5.0,101.0,5.0,88.0,1.0,3.0,0.03409090909090909,6.0,0.5
3.0,89.0,3.0,5.0,0.06172839506172839,4.0,96.0,2.0,81.0,1.0,8.0,0.09876543209876543,1.0,0.125
6.0,226.0,8.0,24.0,0.15286624203821655,9.0,616.0,27.0,157.0,1.0,49.0,0.31210191082802546,122.0,0.2727272727272727
4.0,196.0,37.0,21.0,0.16535433070866143,8.0,303.0,45.0,127.0,1.0,26.0,0.2047244094488189,36.0,0.21264367816091953
3.0,6.0,1.0,1.0,0.25,3.0,8.0,3.0,4.0,1.0,1.0,0.25,1.0,0.4
6.0,101.0,3.0,9.0,0.11392405063291139,4.0,109.0,17.0,79.0,1.0,9.0,0.11392405063291139,0.0,0.034482758620689655
6.0,502.0,39.0,20.0,0.05291005291005291,11.0,1114.0,63.0,378.0,1.0,90.0,0.23809523809523808,197.0,0.27385892116182575
5.0,146.0,3.0,12.0,0.09836065573770492,5.0,169.0,6.0,122.0,1.0,19.0,0.1557377049180328,12.0,0.2765957446808511
6.0,936.0,44.0,55.0,0.0837138508371385,9.0,2484.0,62.0,657.0,1.0,174.0,0.2648401826484018,460.0,0.2616345062429058
6.0,444.0,86.0,11.0,0.04247104247104247,9.0,434.0,45.0,259.0,1.0,31.0,0.11969111969111969,36.0,0.21022727272727273
6.0,27.0,4.0,4.0,0.4444444444444444,4.0,99.0,31.0,9.0,1.0,4.0,0.4444444444444444,0.0,0.01098901098901099
3.0,280.0,1.0,7.0,0.025735294117647058,3.0,299.0,5.0,272.0,1.0,15.0,0.05514705882352941,5.0,0.23076923076923078
3.0,29.0,1.0,1.0,0.037037037037037035,3.0,29.0,1.0,27.0,1.0,1.0,0.037037037037037035,0.0,0.3333333333333333
3.0,82.0,1.0,2.0,0.02531645569620253,3.0,83.0,1.0,79.0,1.0,3.0,0.0379746835443038,0.0,0.25
6.0,383.0,10.0,40.0,0.13513513513513514,10.0,548.0,15.0,296.0,1.0,49.0,0.16554054054054054,16.0,0.07112970711297072
2.0,33.0,0.0,0.0,0.0,3.0,34.0,1.0,32.0,1.0,1.0,0.03125,0.0,0.3333333333333333
4.0,200.0,2.0,12.0,0.06629834254143646,5.0,292.0,11.0,181.0,1.0,35.0,0.19337016574585636,28.0,0.2636363636363636
3.0,33.0,1.0,1.0,0.03225806451612903,3.0,39.0,7.0,31.0,1.0,1.0,0.03225806451612903,0.0,0.125
3.0,17.0,1.0,1.0,0.06666666666666667,3.0,24.0,5.0,15.0,1.0,3.0,0.2,1.0,0.2
6.0,570.0,1.0,8.0,0.014519056261343012,6.0,619.0,11.0,551.0,1.0,29.0,0.05263157894736842,14.0,0.21739130434782608
6.0,711.0,200.0,4.0,0.042105263157894736,8.0,361.0,84.0,95.0,1.0,10.0,0.10526315789473684,37.0,0.15079365079365079
6.0,879.0,27.0,81.0,0.1323529411764706,7.0,1402.0,74.0,612.0,1.0,111.0,0.18137254901960784,139.0,0.18041237113402062
4.0,623.0,1.0,6.0,0.00975609756097561,4.0,641.0,3.0,615.0,1.0,13.0,0.02113821138211382,6.0,0.2692307692307692
6.0,1164.0,41.0,63.0,0.06915477497255763,9.0,2003.0,64.0,911.0,1.0,184.0,0.20197585071350166,296.0,0.2752548656163114
5.0,328.0,38.0,13.0,0.05179282868525897,8.0,626.0,68.0,251.0,1.0,34.0,0.13545816733067728,102.0,0.27540106951871657
2.0,11.0,0.0,0.0,0.0,3.0,12.0,1.0,10.0,1.0,1.0,0.1,0.0,0.3333333333333333
6.0,121.0,6.0,3.0,0.031578947368421054,7.0,259.0,42.0,95.0,1.0,11.0,0.11578947368421053,8.0,0.05625
6.0,537.0,178.0,24.0,0.13714285714285715,7.0,578.0,55.0,175.0,1.0,50.0,0.2857142857142857,105.0,0.2760416666666667
3.0,37.0,1.0,2.0,0.058823529411764705,5.0,93.0,15.0,34.0,1.0,12.0,0.35294117647058826,10.0,0.19298245614035087
6.0,454.0,105.0,24.0,0.13259668508287292,8.0,642.0,53.0,181.0,1.0,38.0,0.20994475138121546,108.0,0.23956043956043957
3.0,20.0,1.0,1.0,0.05555555555555555,4.0,27.0,3.0,18.0,1.0,3.0,0.16666666666666666,0.0,0.1
3.0,44.0,5.0,2.0,0.05405405405405406,5.0,65.0,6.0,37.0,1.0,7.0,0.1891891891891892,4.0,0.1724137931034483
4.0,81.0,9.0,4.0,0.06666666666666667,10.0,293.0,32.0,60.0,1.0,11.0,0.18333333333333332,76.0,0.35648148148148145
6.0,690.0,26.0,30.0,0.0546448087431694,10.0,1086.0,61.0,549.0,1.0,90.0,0.16393442622950818,60.0,0.11753371868978806
6.0,1701.0,172.0,83.0,0.2832764505119454,9.0,2462.0,56.0,293.0,1.0,77.0,0.2627986348122867,539.0,0.25257249766136575
2.0,27.0,0.0,0.0,0.0,4.0,34.0,2.0,26.0,1.0,3.0,0.11538461538461539,2.0,0.375
6.0,42.0,3.0,3.0,0.09090909090909091,5.0,55.0,13.0,33.0,1.0,2.0,0.06060606060606061,4.0,0.25
5.0,440.0,5.0,39.0,0.10182767624020887,7.0,932.0,21.0,383.0,1.0,150.0,0.391644908616188,60.0,0.12055335968379446
2.0,9.0,0.0,0.0,0.0,3.0,12.0,2.0,8.0,1.0,2.0,0.25,0.0,0.2
6.0,3151.0,178.0,161.0,0.07663017610661589,11.0,5432.0,59.0,2101.0,1.0,376.0,0.1789623988576868,614.0,0.19278996865203762
6.0,961.0,76.0,54.0,0.07848837209302326,9.0,1432.0,52.0,688.0,1.0,105.0,0.15261627906976744,224.0,0.30612244897959184
6.0,128.0,7.0,9.0,0.09278350515463918,9.0,427.0,38.0,97.0,1.0,21.0,0.21649484536082475,86.0,0.2727272727272727
6.0,734.0,9.0,55.0,0.08842443729903537,7.0,996.0,28.0,622.0,1.0,95.0,0.1527331189710611,114.0,0.30913978494623656
6.0,2629.0,167.0,119.0,0.08705193855157278,9.0,3821.0,80.0,1367.0,1.0,240.0,0.1755669348939283,336.0,0.14664926022628372
6.0,1204.0,28.0,54.0,0.0509433962264151,7.0,1477.0,24.0,1060.0,1.0,145.0,0.13679245283018868,115.0,0.2907268170426065
3.0,36.0,1.0,3.0,0.09375,6.0,94.0,12.0,32.0,2.0,9.0,0.28125,14.0,0.24193548387096775
3.0,7.0,1.0,1.0,0.2,3.0,9.0,2.0,5.0,1.0,2.0,0.4,0.0,0.2
6.0,153.0,16.0,2.0,0.015503875968992248,4.0,181.0,34.0,129.0,1.0,8.0,0.06201550387596899,9.0,0.2
4.0,159.0,3.0,17.0,0.13178294573643412,5.0,179.0,4.0,129.0,1.0,22.0,0.17054263565891473,10.0,0.22448979591836735
2.0,32.0,0.0,0.0,0.0,3.0,35.0,1.0,31.0,1.0,3.0,0.0967741935483871,0.0,0.2
3.0,24.0,1.0,1.0,0.045454545454545456,4.0,41.0,15.0,22.0,1.0,2.0,0.09090909090909091,12.0,0.65
5.0,330.0,24.0,24.0,0.11822660098522167,9.0,727.0,60.0,203.0,1.0,45.0,0.22167487684729065,109.0,0.21235521235521235
6.0,198.0,5.0,12.0,0.07058823529411765,6.0,194.0,3.0,170.0,3.0,11.0,0.06470588235294118,2.0,0.12
6.0,486.0,7.0,17.0,0.03794642857142857,7.0,847.0,47.0,448.0,1.0,72.0,0.16071428571428573,67.0,0.18732782369146006
6.0,2373.0,42.0,172.0,0.09095716552088842,8.0,2440.0,44.0,1891.0,1.0,191.0,0.10100475938656796,52.0,0.10685483870967742
6.0,200.0,20.0,12.0,0.08955223880597014,6.0,279.0,48.0,134.0,1.0,19.0,0.1417910447761194,29.0,0.2097902097902098
6.0,1708.0,8.0,42.0,0.02567237163814181,7.0,2101.0,41.0,1636.0,1.0,142.0,0.08679706601466992,43.0,0.09865470852017937
6.0,1400.0,138.0,68.0,0.09054593874833555,9.0,1696.0,72.0,751.0,1.0,142.0,0.18908122503328895,196.0,0.22109988776655443
3.0,50.0,4.0,2.0,0.045454545454545456,5.0,69.0,12.0,44.0,1.0,2.0,0.045454545454545456,11.0,0.46153846153846156
6.0,147.0,4.0,9.0,0.07758620689655173,4.0,163.0,27.0,116.0,1.0,10.0,0.08620689655172414,21.0,0.4583333333333333
5.0,114.0,2.0,12.0,0.12903225806451613,4.0,142.0,7.0,93.0,1.0,15.0,0.16129032258064516,3.0,0.0851063829787234
4.0,88.0,6.0,5.0,0.06756756756756757,7.0,218.0,25.0,74.0,1.0,15.0,0.20270270270270271,38.0,0.2746478873239437
2.0,2.0,0.0,0.0,0.0,3.0,9.0,7.0,1.0,1.0,1.0,1.0,1.0,0.25
6.0,223.0,6.0,16.0,0.08743169398907104,6.0,261.0,11.0,183.0,1.0,29.0,0.15846994535519127,14.0,0.2054794520547945
3.0,82.0,13.0,6.0,0.10344827586206896,6.0,157.0,25.0,58.0,1.0,16.0,0.27586206896551724,15.0,0.17777777777777778
2.0,13.0,0.0,0.0,0.0,3.0,14.0,1.0,12.0,1.0,1.0,0.08333333333333333,0.0,0.3333333333333333
3.0,51.0,3.0,2.0,0.043478260869565216,5.0,63.0,5.0,46.0,1.0,3.0,0.06521739130434782,3.0,0.2222222222222222
6.0,207.0,48.0,7.0,0.04895104895104895,6.0,289.0,41.0,143.0,1.0,22.0,0.15384615384615385,32.0,0.23076923076923078
6.0,369.0,58.0,20.0,0.091324200913242,10.0,841.0,48.0,219.0,1.0,49.0,0.2237442922374429,155.0,0.25870646766169153
5.0,157.0,7.0,12.0,0.09302325581395349,5.0,171.0,17.0,129.0,1.0,14.0,0.10852713178294573,5.0,0.15
3.0,105.0,1.0,1.0,0.009708737864077669,4.0,120.0,4.0,103.0,1.0,9.0,0.08737864077669903,3.0,0.2222222222222222
3.0,58.0,1.0,3.0,0.05555555555555555,6.0,132.0,19.0,54.0,1.0,10.0,0.18518518518518517,21.0,0.2857142857142857
6.0,660.0,10.0,18.0,0.029654036243822075,6.0,752.0,21.0,607.0,1.0,38.0,0.06260296540362438,44.0,0.3237410071942446
6.0,202.0,65.0,8.0,0.08080808080808081,4.0,137.0,13.0,99.0,1.0,10.0,0.10101010101010101,3.0,0.10810810810810811
6.0,6777.0,9.0,101.0,0.015363553392150897,9.0,8912.0,71.0,6574.0,1.0,567.0,0.08624885914207484,328.0,0.1505032021957914
9.0,21879.0,187.0,1084.0,0.06187214611872146,13.0,35177.0,145.0,17520.0,1.0,3203.0,0.18281963470319634,3284.0,0.19862144023217848
6.0,6760.0,148.0,98.0,0.015548151673806123,9.0,8128.0,89.0,6303.0,1.0,270.0,0.042836744407425034,411.0,0.23691776883266244
6.0,1383.0,142.0,91.0,0.1001100110011001,6.0,1211.0,57.0,909.0,1.0,94.0,0.1034103410341034,53.0,0.1888111888111888
2.0,18.0,0.0,0.0,0.0,4.0,21.0,2.0,17.0,2.0,1.0,0.058823529411764705,1.0,0.4
3.0,56.0,6.0,2.0,0.0425531914893617,4.0,76.0,19.0,47.0,1.0,4.0,0.0851063829787234,0.0,0.037037037037037035
3.0,18.0,1.0,1.0,0.0625,4.0,20.0,1.0,16.0,1.0,2.0,0.125,1.0,0.4
3.0,4.0,1.0,1.0,0.5,3.0,17.0,8.0,2.0,1.0,2.0,1.0,0.0,0.0625
6.0,929.0,13.0,53.0,0.0640096618357488,7.0,1333.0,54.0,828.0,1.0,72.0,0.08695652173913043,160.0,0.33402489626556015
4.0,310.0,13.0,12.0,0.0425531914893617,6.0,437.0,21.0,282.0,1.0,41.0,0.1453900709219858,38.0,0.2565789473684211
5.0,1140.0,21.0,66.0,0.06741573033707865,9.0,1870.0,46.0,979.0,1.0,223.0,0.22778345250255363,216.0,0.246311010215664
5.0,272.0,15.0,18.0,0.08181818181818182,9.0,771.0,48.0,220.0,1.0,64.0,0.2909090909090909,121.0,0.22467771639042358
6.0,222.0,3.0,7.0,0.033816425120772944,5.0,246.0,8.0,207.0,1.0,17.0,0.0821256038647343,4.0,0.125
6.0,205.0,2.0,9.0,0.04918032786885246,5.0,242.0,10.0,183.0,1.0,19.0,0.10382513661202186,3.0,0.06896551724137931
3.0,39.0,1.0,3.0,0.08571428571428572,3.0,42.0,2.0,35.0,1.0,5.0,0.14285714285714285,1.0,0.25
6.0,29.0,2.0,4.0,0.2222222222222222,4.0,23.0,2.0,18.0,1.0,2.0,0.1111111111111111,0.0,0.16666666666666666
2.0,9.0,0.0,0.0,0.0,3.0,22.0,11.0,8.0,1.0,3.0,0.375,0.0,0.06666666666666667
6.0,2021.0,185.0,103.0,0.0927092709270927,7.0,1990.0,84.0,1111.0,1.0,155.0,0.1395139513951395,186.0,0.2236842105263158
5.0,213.0,14.0,11.0,0.06077348066298342,7.0,486.0,44.0,181.0,1.0,54.0,0.2983425414364641,70.0,0.23905723905723905
3.0,156.0,1.0,4.0,0.026490066225165563,5.0,182.0,4.0,151.0,1.0,17.0,0.11258278145695365,7.0,0.26666666666666666
5.0,355.0,8.0,25.0,0.08143322475570032,7.0,556.0,84.0,307.0,1.0,40.0,0.13029315960912052,34.0,0.14522821576763487
5.0,68.0,10.0,5.0,0.125,5.0,77.0,18.0,40.0,1.0,7.0,0.175,11.0,0.3157894736842105
6.0,325.0,51.0,11.0,0.06748466257668712,8.0,481.0,55.0,163.0,1.0,27.0,0.1656441717791411,88.0,0.279874213836478
6.0,431.0,8.0,24.0,0.0633245382585752,9.0,1057.0,62.0,379.0,1.0,78.0,0.20580474934036938,157.0,0.24648985959438377
5.0,9.0,1.0,2.0,0.5,4.0,13.0,6.0,4.0,1.0,1.0,0.25,1.0,0.2
6.0,66.0,2.0,5.0,0.09803921568627451,4.0,63.0,4.0,51.0,1.0,6.0,0.11764705882352941,1.0,0.18181818181818182
6.0,1599.0,72.0,75.0,0.071360608943863,10.0,3481.0,85.0,1051.0,1.0,257.0,0.2445290199809705,657.0,0.2794055201698514
4.0,57.0,2.0,5.0,0.10204081632653061,4.0,64.0,4.0,49.0,1.0,7.0,0.14285714285714285,0.0,0.0625
5.0,380.0,23.0,30.0,0.11152416356877323,7.0,632.0,50.0,269.0,1.0,58.0,0.21561338289962825,66.0,0.18820224719101122
3.0,46.0,1.0,3.0,0.07142857142857142,4.0,52.0,2.0,42.0,1.0,5.0,0.11904761904761904,2.0,0.3
6.0,1028.0,134.0,62.0,0.1054421768707483,10.0,1814.0,50.0,588.0,1.0,153.0,0.2602040816326531,293.0,0.24317617866004962
5.0,119.0,10.0,16.0,0.43243243243243246,7.0,204.0,19.0,37.0,1.0,14.0,0.3783783783783784,46.0,0.281437125748503
6.0,551.0,41.0,32.0,0.1103448275862069,9.0,925.0,61.0,290.0,1.0,55.0,0.1896551724137931,199.0,0.3194888178913738
3.0,662.0,1.0,6.0,0.00916030534351145,4.0,683.0,5.0,655.0,1.0,19.0,0.02900763358778626,5.0,0.20689655172413793
3.0,16.0,1.0,2.0,0.15384615384615385,3.0,18.0,4.0,13.0,1.0,1.0,0.07692307692307693,0.0,0.16666666666666666
3.0,72.0,1.0,1.0,0.014285714285714285,3.0,82.0,10.0,70.0,1.0,2.0,0.02857142857142857,0.0,0.08333333333333333
2.0,10.0,0.0,0.0,0.0,3.0,13.0,2.0,9.0,1.0,2.0,0.2222222222222222,0.0,0.2
2.0,55.0,0.0,0.0,0.0,4.0,65.0,2.0,54.0,1.0,6.0,0.1111111111111111,2.0,0.25
6.0,1318.0,36.0,63.0,0.058768656716417914,6.0,1819.0,37.0,1072.0,1.0,177.0,0.16511194029850745,111.0,0.1553398058252427
6.0,928.0,20.0,51.0,0.0747800586510264,7.0,1664.0,78.0,682.0,1.0,114.0,0.16715542521994134,50.0,0.05257731958762887
6.0,2201.0,21.0,166.0,0.10146699266503667,8.0,4499.0,86.0,1636.0,1.0,505.0,0.308679706601467,366.0,0.1328266377126312
6.0,2149.0,140.0,139.0,0.13654223968565815,7.0,2791.0,82.0,1018.0,1.0,167.0,0.16404715127701375,148.0,0.08451503119682359
3.0,763.0,7.0,6.0,0.00801068090787717,8.0,1167.0,83.0,749.0,1.0,59.0,0.0787716955941255,97.0,0.24257425742574257
6.0,3196.0,169.0,183.0,0.08173291648057168,9.0,4284.0,86.0,2239.0,1.0,289.0,0.12907548012505582,304.0,0.15697375193000515
3.0,38.0,5.0,3.0,0.1,5.0,109.0,26.0,30.0,1.0,7.0,0.23333333333333334,5.0,0.07894736842105263
6.0,1498.0,31.0,104.0,0.10097087378640776,7.0,2745.0,85.0,1030.0,1.0,221.0,0.2145631067961165,144.0,0.08564678086237448
4.0,333.0,3.0,8.0,0.024922118380062305,4.0,359.0,6.0,321.0,1.0,20.0,0.06230529595015576,7.0,0.21052631578947367
3.0,77.0,1.0,1.0,0.013333333333333334,4.0,138.0,21.0,75.0,1.0,20.0,0.26666666666666666,3.0,0.06451612903225806
3.0,83.0,3.0,4.0,0.05263157894736842,4.0,117.0,7.0,76.0,1.0,9.0,0.11842105263157894,8.0,0.21428571428571427
2.0,8.0,0.0,0.0,0.0,3.0,9.0,1.0,7.0,1.0,1.0,0.14285714285714285,0.0,0.3333333333333333
3.0,18.0,2.0,1.0,0.06666666666666667,3.0,18.0,1.0,15.0,1.0,2.0,0.13333333333333333,0.0,0.25
2.0,16.0,0.0,0.0,0.0,3.0,24.0,6.0,15.0,1.0,3.0,0.2,2.0,0.3
2.0,31.0,0.0,0.0,0.0,7.0,92.0,11.0,30.0,2.0,8.0,0.26666666666666666,4.0,0.07936507936507936
6.0,188.0,6.0,23.0,0.1678832116788321,4.0,187.0,12.0,137.0,1.0,17.0,0.12408759124087591,2.0,0.06
3.0,307.0,7.0,8.0,0.028070175438596492,7.0,471.0,28.0,285.0,1.0,25.0,0.08771929824561403,21.0,0.11764705882352941
6.0,1168.0,29.0,44.0,0.043824701195219126,6.0,1594.0,72.0,1004.0,1.0,93.0,0.09262948207171315,87.0,0.1494057724957555
6.0,151.0,14.0,13.0,0.14772727272727273,6.0,265.0,65.0,88.0,1.0,15.0,0.17045454545454544,33.0,0.19101123595505617
2.0,76.0,0.0,0.0,0.0,5.0,96.0,11.0,75.0,1.0,3.0,0.04,3.0,0.18181818181818182
2.0,39.0,0.0,0.0,0.0,3.0,40.0,1.0,38.0,1.0,1.0,0.02631578947368421,0.0,0.3333333333333333
3.0,23.0,1.0,1.0,0.047619047619047616,3.0,24.0,1.0,21.0,1.0,2.0,0.09523809523809523,0.0,0.25
3.0,126.0,2.0,1.0,0.008130081300813009,5.0,158.0,19.0,123.0,1.0,11.0,0.08943089430894309,7.0,0.2222222222222222
6.0,59.0,13.0,5.0,0.16666666666666666,9.0,87.0,16.0,30.0,3.0,4.0,0.13333333333333333,1.0,0.034482758620689655
7.0,9171.0,100.0,578.0,0.09265790317409427,8.0,14540.0,90.0,6238.0,1.0,1321.0,0.2117665918563642,942.0,0.11885555835644064
6.0,592.0,2.0,17.0,0.03019538188277087,7.0,935.0,14.0,563.0,1.0,142.0,0.2522202486678508,77.0,0.21195652173913043
6.0,52.0,1.0,2.0,0.046511627906976744,6.0,81.0,13.0,43.0,1.0,11.0,0.2558139534883721,3.0,0.10256410256410256
6.0,1183.0,14.0,57.0,0.0556640625,6.0,1365.0,33.0,1024.0,1.0,109.0,0.1064453125,34.0,0.1023391812865497
2.0,31.0,0.0,0.0,0.0,4.0,37.0,3.0,30.0,1.0,3.0,0.1,0.0,0.125
3.0,25.0,4.0,3.0,0.16666666666666666,4.0,36.0,4.0,18.0,1.0,5.0,0.2777777777777778,2.0,0.1875
2.0,2.0,0.0,0.0,0.0,3.0,3.0,1.0,1.0,1.0,1.0,1.0,0.0,0.3333333333333333
6.0,50.0,3.0,3.0,0.07894736842105263,3.0,43.0,1.0,38.0,1.0,4.0,0.10526315789473684,1.0,0.3333333333333333
6.0,309.0,107.0,5.0,0.028901734104046242,5.0,298.0,54.0,173.0,1.0,9.0,0.05202312138728324,15.0,0.13445378151260504
6.0,1000.0,12.0,31.0,0.034292035398230086,7.0,1386.0,41.0,904.0,3.0,105.0,0.1161504424778761,43.0,0.09147609147609148
10.0,2120.0,113.0,248.0,0.25593395252837975,9.0,1901.0,62.0,969.0,1.0,163.0,0.16821465428276575,160.0,0.18069584736251404
6.0,3498.0,201.0,196.0,0.12727272727272726,8.0,4439.0,85.0,1540.0,1.0,347.0,0.22532467532467532,318.0,0.1162112932604736
6.0,48.0,27.0,1.0,0.2,8.0,100.0,25.0,5.0,1.0,3.0,0.6,38.0,0.4148936170212766
6.0,1415.0,180.0,33.0,0.0765661252900232,9.0,2096.0,72.0,431.0,1.0,94.0,0.21809744779582366,460.0,0.2866915422885572
3.0,52.0,21.0,2.0,0.07407407407407407,4.0,48.0,9.0,27.0,1.0,4.0,0.14814814814814814,6.0,0.3181818181818182
2.0,17.0,0.0,0.0,0.0,8.0,38.0,12.0,16.0,1.0,3.0,0.1875,6.0,0.30434782608695654
2.0,46.0,0.0,0.0,0.0,4.0,55.0,3.0,45.0,1.0,5.0,0.1111111111111111,0.0,0.09090909090909091
6.0,23.0,3.0,2.0,0.13333333333333333,4.0,23.0,3.0,15.0,1.0,3.0,0.2,0.0,0.1111111111111111
6.0,119.0,4.0,9.0,0.09574468085106383,4.0,154.0,15.0,94.0,1.0,14.0,0.14893617021276595,8.0,0.15789473684210525
6.0,2333.0,173.0,155.0,0.1607883817427386,9.0,3601.0,86.0,964.0,1.0,264.0,0.27385892116182575,269.0,0.10293556995806329
3.0,20.0,5.0,2.0,0.16666666666666666,3.0,20.0,5.0,12.0,1.0,2.0,0.16666666666666666,1.0,0.2222222222222222
4.0,171.0,7.0,8.0,0.0547945205479452,6.0,255.0,27.0,146.0,1.0,22.0,0.1506849315068493,6.0,0.06363636363636363
2.0,39.0,0.0,0.0,0.0,3.0,40.0,1.0,38.0,1.0,1.0,0.02631578947368421,0.0,0.3333333333333333
2.0,56.0,0.0,0.0,0.0,3.0,60.0,2.0,55.0,1.0,3.0,0.05454545454545454,0.0,0.16666666666666666
2.0,9.0,0.0,0.0,0.0,3.0,10.0,1.0,8.0,1.0,1.0,0.125,1.0,0.6666666666666666
6.0,1628.0,15.0,60.0,0.04240282685512368,8.0,2344.0,58.0,1415.0,1.0,261.0,0.18445229681978798,102.0,0.11664779161947905
6.0,1063.0,3.0,20.0,0.01951219512195122,9.0,1378.0,23.0,1025.0,1.0,113.0,0.11024390243902439,51.0,0.14772727272727273
2.0,3.0,0.0,0.0,0.0,3.0,4.0,1.0,2.0,1.0,1.0,0.5,1.0,0.6666666666666666
6.0,1442.0,58.0,78.0,0.07647058823529412,10.0,2771.0,87.0,1020.0,1.0,174.0,0.17058823529411765,200.0,0.11538461538461539
5.0,179.0,4.0,12.0,0.07792207792207792,7.0,482.0,48.0,154.0,1.0,35.0,0.22727272727272727,46.0,0.14329268292682926
3.0,26.0,3.0,1.0,0.045454545454545456,4.0,49.0,20.0,22.0,1.0,3.0,0.13636363636363635,3.0,0.15384615384615385
2.0,26.0,0.0,0.0,0.0,3.0,29.0,1.0,25.0,1.0,3.0,0.12,1.0,0.4
5.0,487.0,2.0,7.0,0.014767932489451477,4.0,595.0,10.0,474.0,1.0,52.0,0.10970464135021098,15.0,0.13445378151260504
6.0,2633.0,191.0,110.0,0.08654602675059009,11.0,4001.0,84.0,1271.0,1.0,277.0,0.2179386309992132,307.0,0.11746758199847444
5.0,64.0,2.0,3.0,0.05454545454545454,4.0,67.0,6.0,55.0,1.0,3.0,0.05454545454545454,2.0,0.23076923076923078
6.0,3363.0,64.0,61.0,0.020969405293915434,10.0,3510.0,78.0,2909.0,1.0,127.0,0.04365761430044689,68.0,0.12212389380530973
6.0,1914.0,5.0,61.0,0.03425042111173498,7.0,2900.0,51.0,1781.0,1.0,238.0,0.13363279056709715,242.0,0.23033175355450236
6.0,693.0,20.0,12.0,0.018808777429467086,9.0,1095.0,69.0,638.0,1.0,54.0,0.08463949843260188,107.0,0.23580786026200873
2.0,5.0,0.0,0.0,0.0,3.0,6.0,1.0,4.0,1.0,1.0,0.25,0.0,0.3333333333333333
6.0,595.0,140.0,12.0,0.19672131147540983,6.0,748.0,79.0,61.0,1.0,27.0,0.4426229508196721,66.0,0.10044977511244378
6.0,238.0,2.0,8.0,0.036036036036036036,6.0,445.0,21.0,222.0,1.0,60.0,0.2702702702702703,14.0,0.07075471698113207
6.0,3454.0,73.0,211.0,0.08261550509005482,11.0,4986.0,81.0,2554.0,1.0,362.0,0.1417384494909945,370.0,0.15693739424703892
3.0,50.0,1.0,2.0,0.0425531914893617,6.0,107.0,29.0,47.0,1.0,3.0,0.06382978723404255,9.0,0.16393442622950818
4.0,21.0,3.0,1.0,0.0625,2.0,17.0,0.0,16.0,0.0,0.0,0.0,0.0,0.5
6.0,1532.0,103.0,62.0,0.06739130434782609,11.0,3189.0,83.0,920.0,1.0,205.0,0.22282608695652173,509.0,0.23097826086956522
6.0,160.0,90.0,4.0,0.4,6.0,163.0,74.0,10.0,1.0,5.0,0.5,19.0,0.14388489208633093
6.0,323.0,12.0,21.0,0.08267716535433071,5.0,721.0,73.0,254.0,1.0,48.0,0.1889763779527559,55.0,0.12043010752688173
2.0,4.0,0.0,0.0,0.0,3.0,5.0,1.0,3.0,1.0,1.0,0.3333333333333333,0.0,0.3333333333333333
6.0,95.0,3.0,11.0,0.16923076923076924,7.0,180.0,27.0,65.0,2.0,15.0,0.23076923076923078,31.0,0.2782608695652174
3.0,224.0,5.0,1.0,0.0045871559633027525,5.0,264.0,25.0,218.0,1.0,6.0,0.027522935779816515,6.0,0.14893617021276595
6.0,26.0,4.0,4.0,0.5,3.0,14.0,4.0,8.0,1.0,2.0,0.25,0.0,0.14285714285714285
6.0,4441.0,177.0,181.0,0.07482430756510955,8.0,6111.0,89.0,2419.0,1.0,368.0,0.15212897891690783,469.0,0.1327683615819209
2.0,18.0,0.0,0.0,0.0,3.0,20.0,1.0,17.0,1.0,2.0,0.11764705882352941,1.0,0.5
6.0,104.0,13.0,10.0,0.2127659574468085,4.0,68.0,2.0,47.0,1.0,12.0,0.2553191489361702,2.0,0.13636363636363635
6.0,1801.0,198.0,131.0,0.12944664031620554,6.0,2401.0,88.0,1012.0,1.0,206.0,0.20355731225296442,236.0,0.17400881057268722
6.0,1175.0,199.0,39.0,0.059001512859304085,8.0,1470.0,76.0,661.0,1.0,99.0,0.14977307110438728,113.0,0.14430379746835442
5.0,1625.0,15.0,24.0,0.015727391874180863,9.0,2364.0,84.0,1526.0,1.0,79.0,0.051769331585845346,140.0,0.17758186397984888
6.0,334.0,14.0,19.0,0.07723577235772358,9.0,861.0,60.0,246.0,1.0,82.0,0.3333333333333333,47.0,0.07804878048780488
7.0,1458.0,26.0,74.0,0.060556464811783964,5.0,1438.0,26.0,1222.0,1.0,71.0,0.05810147299509002,25.0,0.125
4.0,6.0,1.0,1.0,0.3333333333333333,2.0,4.0,0.0,3.0,0.0,0.0,0.0,0.0,0.5
2.0,3.0,0.0,0.0,0.0,3.0,4.0,1.0,2.0,1.0,1.0,0.5,0.0,0.3333333333333333
2.0,23.0,0.0,0.0,0.0,3.0,26.0,2.0,22.0,1.0,2.0,0.09090909090909091,1.0,0.4
6.0,176.0,26.0,16.0,0.16,7.0,233.0,42.0,100.0,1.0,17.0,0.17,34.0,0.26119402985074625
6.0,351.0,26.0,29.0,0.12184873949579832,7.0,547.0,27.0,238.0,1.0,43.0,0.18067226890756302,48.0,0.1590909090909091
3.0,95.0,2.0,2.0,0.02197802197802198,13.0,181.0,8.0,91.0,5.0,5.0,0.054945054945054944,53.0,0.6067415730337079
3.0,40.0,1.0,1.0,0.02631578947368421,2.0,39.0,0.0,38.0,0.0,0.0,0.0,0.0,0.5
2.0,2.0,0.0,0.0,0.0,4.0,4.0,1.0,1.0,1.0,1.0,1.0,0.0,0.25
3.0,25.0,2.0,2.0,0.09523809523809523,4.0,50.0,16.0,21.0,1.0,5.0,0.23809523809523808,2.0,0.10344827586206896
7.0,3068.0,84.0,181.0,0.07436318816762531,9.0,3815.0,63.0,2434.0,1.0,281.0,0.11544782251437963,192.0,0.1445692883895131
4.0,138.0,8.0,5.0,0.04065040650406504,3.0,133.0,4.0,123.0,1.0,3.0,0.024390243902439025,1.0,0.2222222222222222
6.0,10.0,2.0,2.0,1.0,4.0,10.0,5.0,2.0,1.0,1.0,0.5,0.0,0.125
6.0,1401.0,12.0,28.0,0.021341463414634148,7.0,1451.0,19.0,1312.0,1.0,31.0,0.023628048780487805,16.0,0.12318840579710146
2.0,14.0,0.0,0.0,0.0,3.0,15.0,1.0,13.0,1.0,1.0,0.07692307692307693,0.0,0.3333333333333333
2.0,14.0,0.0,0.0,0.0,3.0,15.0,1.0,13.0,1.0,1.0,0.07692307692307693,0.0,0.3333333333333333
6.0,464.0,61.0,18.0,0.05325443786982249,7.0,819.0,48.0,338.0,1.0,38.0,0.11242603550295859,80.0,0.17802197802197803
3.0,32.0,2.0,1.0,0.034482758620689655,3.0,36.0,3.0,29.0,1.0,4.0,0.13793103448275862,0.0,0.14285714285714285
9.0,4565.0,210.0,335.0,0.12115732368896925,8.0,6835.0,92.0,2765.0,1.0,540.0,0.19529837251356238,470.0,0.11696051651353365
4.0,17.0,1.0,1.0,0.07142857142857142,3.0,17.0,2.0,14.0,1.0,1.0,0.07142857142857142,0.0,0.25
6.0,201.0,57.0,11.0,0.2,7.0,374.0,85.0,55.0,1.0,30.0,0.5454545454545454,49.0,0.1597444089456869
3.0,22.0,1.0,1.0,0.05,3.0,24.0,3.0,20.0,1.0,1.0,0.05,1.0,0.4
6.0,603.0,21.0,16.0,0.030534351145038167,8.0,872.0,51.0,524.0,1.0,68.0,0.1297709923664122,65.0,0.19298245614035087
2.0,38.0,0.0,0.0,0.0,3.0,41.0,1.0,37.0,1.0,3.0,0.08108108108108109,2.0,0.6
2.0,105.0,0.0,0.0,0.0,3.0,106.0,1.0,104.0,1.0,1.0,0.009615384615384616,0.0,0.3333333333333333
6.0,16167.0,201.0,551.0,0.14081267569639663,12.0,18133.0,93.0,3913.0,1.0,834.0,0.21313570150779454,1908.0,0.14222917597973475
6.0,23.0,3.0,2.0,0.13333333333333333,4.0,23.0,3.0,15.0,1.0,3.0,0.2,0.0,0.1111111111111111
2.0,24.0,0.0,0.0,0.0,4.0,29.0,3.0,23.0,1.0,1.0,0.043478260869565216,0.0,0.14285714285714285
2.0,15.0,0.0,0.0,0.0,3.0,16.0,1.0,14.0,1.0,1.0,0.07142857142857142,1.0,0.6666666666666666
6.0,116.0,3.0,9.0,0.09473684210526316,6.0,242.0,13.0,95.0,1.0,27.0,0.28421052631578947,8.0,0.06428571428571428
3.0,268.0,4.0,1.0,0.0038022813688212928,5.0,299.0,11.0,263.0,1.0,5.0,0.019011406844106463,4.0,0.14705882352941177
3.0,34.0,2.0,2.0,0.06666666666666667,5.0,91.0,11.0,30.0,1.0,18.0,0.6,12.0,0.21666666666666667
9.0,1677.0,36.0,104.0,0.08074534161490683,7.0,2042.0,81.0,1288.0,1.0,215.0,0.1669254658385093,164.0,0.22207267833109018
6.0,1410.0,13.0,75.0,0.06152584085315833,7.0,2181.0,69.0,1219.0,1.0,161.0,0.1320754716981132,104.0,0.11375947995666305
6.0,227.0,18.0,11.0,0.06666666666666667,5.0,380.0,71.0,165.0,1.0,23.0,0.1393939393939394,16.0,0.07906976744186046
3.0,37.0,1.0,1.0,0.02857142857142857,4.0,45.0,2.0,35.0,2.0,6.0,0.17142857142857143,1.0,0.18181818181818182
6.0,1615.0,25.0,29.0,0.01881894873458793,7.0,1735.0,37.0,1541.0,3.0,48.0,0.031148604802076575,20.0,0.11413043478260869
6.0,277.0,23.0,9.0,0.03982300884955752,6.0,369.0,37.0,226.0,1.0,9.0,0.03982300884955752,9.0,0.07092198581560284
6.0,97.0,18.0,4.0,0.06060606060606061,8.0,241.0,29.0,66.0,1.0,12.0,0.18181818181818182,26.0,0.16071428571428573
6.0,866.0,15.0,43.0,0.06099290780141844,8.0,1477.0,89.0,705.0,1.0,114.0,0.16170212765957448,138.0,0.19041095890410958
2.0,2.0,0.0,0.0,0.0,3.0,4.0,2.0,1.0,1.0,1.0,1.0,0.0,0.25
4.0,154.0,8.0,7.0,0.050724637681159424,5.0,212.0,30.0,138.0,1.0,18.0,0.13043478260869565,11.0,0.16216216216216217
4.0,60.0,1.0,3.0,0.05454545454545454,4.0,74.0,6.0,55.0,2.0,7.0,0.12727272727272726,7.0,0.4
2.0,43.0,0.0,0.0,0.0,3.0,44.0,1.0,42.0,1.0,1.0,0.023809523809523808,0.0,0.3333333333333333
2.0,16.0,0.0,0.0,0.0,3.0,19.0,2.0,15.0,1.0,2.0,0.13333333333333333,0.0,0.2
2.0,7.0,0.0,0.0,0.0,4.0,12.0,2.0,6.0,1.0,2.0,0.3333333333333333,1.0,0.2857142857142857
4.0,22.0,7.0,1.0,0.07692307692307693,3.0,52.0,38.0,13.0,1.0,1.0,0.07692307692307693,8.0,0.23684210526315788
2.0,67.0,0.0,0.0,0.0,5.0,90.0,9.0,66.0,1.0,6.0,0.09090909090909091,4.0,0.20833333333333334
2.0,5.0,0.0,0.0,0.0,3.0,6.0,1.0,4.0,1.0,1.0,0.25,0.0,0.3333333333333333
2.0,12.0,0.0,0.0,0.0,4.0,17.0,3.0,11.0,1.0,1.0,0.09090909090909091,1.0,0.2857142857142857
3.0,3.0,1.0,1.0,1.0,4.0,16.0,10.0,1.0,1.0,1.0,1.0,2.0,0.1875
3.0,111.0,2.0,1.0,0.009259259259259259,4.0,139.0,5.0,108.0,1.0,14.0,0.12962962962962962,0.0,0.03333333333333333
9.0,18375.0,196.0,1162.0,0.12234154558854496,9.0,23461.0,93.0,9498.0,1.0,1637.0,0.17235207412086756,1696.0,0.12631187197618163
6.0,644.0,13.0,21.0,0.03620689655172414,9.0,947.0,60.0,580.0,1.0,58.0,0.1,43.0,0.12464589235127478
6.0,2800.0,143.0,125.0,0.06894649751792609,9.0,3538.0,71.0,1813.0,1.0,237.0,0.13072255929398788,213.0,0.1305674191580232
2.0,2.0,0.0,0.0,0.0,3.0,3.0,1.0,1.0,1.0,1.0,1.0,0.0,0.3333333333333333
4.0,586.0,24.0,15.0,0.027726432532347505,6.0,915.0,85.0,541.0,1.0,56.0,0.10351201478743069,50.0,0.14206128133704735
2.0,122.0,0.0,0.0,0.0,3.0,129.0,2.0,121.0,1.0,5.0,0.04132231404958678,3.0,0.5
4.0,774.0,9.0,16.0,0.021505376344086023,6.0,978.0,41.0,744.0,1.0,65.0,0.08736559139784947,49.0,0.2183406113537118
3.0,30.0,7.0,2.0,0.09523809523809523,5.0,40.0,5.0,21.0,1.0,8.0,0.38095238095238093,0.0,0.05
4.0,156.0,5.0,9.0,0.0661764705882353,5.0,300.0,41.0,136.0,1.0,27.0,0.19852941176470587,23.0,0.15894039735099338
6.0,1342.0,119.0,47.0,0.05535924617196702,6.0,1808.0,87.0,849.0,1.0,120.0,0.1413427561837456,110.0,0.12091503267973856
6.0,2042.0,13.0,105.0,0.061367621274108705,7.0,2822.0,52.0,1711.0,1.0,305.0,0.1782583284628872,145.0,0.13773584905660377
6.0,54.0,2.0,1.0,0.020833333333333332,6.0,90.0,13.0,48.0,1.0,10.0,0.20833333333333334,8.0,0.21428571428571427
6.0,893.0,66.0,48.0,0.08261617900172118,8.0,2200.0,90.0,581.0,1.0,106.0,0.18244406196213425,361.0,0.22724419334588827
3.0,272.0,4.0,5.0,0.019011406844106463,5.0,310.0,15.0,263.0,2.0,12.0,0.045627376425855515,2.0,0.0625
6.0,63.0,27.0,4.0,0.3333333333333333,8.0,120.0,25.0,12.0,1.0,5.0,0.4166666666666667,40.0,0.38317757009345793
7.0,1585.0,63.0,135.0,0.1358148893360161,9.0,1884.0,54.0,994.0,1.0,128.0,0.12877263581488935,204.0,0.23948598130841123
3.0,41.0,3.0,1.0,0.02702702702702703,3.0,46.0,7.0,37.0,1.0,2.0,0.05405405405405406,0.0,0.1111111111111111
3.0,10.0,2.0,1.0,0.14285714285714285,3.0,10.0,1.0,7.0,1.0,2.0,0.2857142857142857,0.0,0.25
4.0,30.0,21.0,2.0,0.5,4.0,15.0,5.0,4.0,1.0,3.0,0.75,2.0,0.25
8.0,9145.0,177.0,604.0,0.10009943652635069,9.0,13869.0,89.0,6034.0,1.0,951.0,0.15760689426582697,794.0,0.10743243243243243
3.0,124.0,1.0,2.0,0.01652892561983471,4.0,128.0,2.0,121.0,1.0,4.0,0.03305785123966942,2.0,0.375
2.0,44.0,0.0,0.0,0.0,4.0,54.0,4.0,43.0,1.0,3.0,0.06976744186046512,0.0,0.09090909090909091
6.0,520.0,39.0,24.0,0.0781758957654723,6.0,901.0,81.0,307.0,1.0,57.0,0.18566775244299674,54.0,0.09615384615384616
2.0,5.0,0.0,0.0,0.0,3.0,6.0,1.0,4.0,1.0,1.0,0.25,0.0,0.3333333333333333
6.0,10.0,2.0,1.0,0.25,2.0,5.0,0.0,4.0,0.0,0.0,0.0,0.0,0.5
6.0,6.0,1.0,1.0,1.0,2.0,2.0,0.0,1.0,0.0,0.0,0.0,0.0,0.5
2.0,9.0,0.0,0.0,0.0,3.0,13.0,4.0,8.0,1.0,1.0,0.125,0.0,0.16666666666666666
3.0,54.0,1.0,2.0,0.0392156862745098,6.0,83.0,5.0,51.0,1.0,8.0,0.1568627450980392,6.0,0.22580645161290322
6.0,1658.0,86.0,133.0,0.13129318854886476,8.0,2920.0,84.0,1013.0,1.0,210.0,0.2073050345508391,171.0,0.09066947812335266
3.0,211.0,2.0,1.0,0.004807692307692308,5.0,277.0,7.0,208.0,1.0,29.0,0.13942307692307693,7.0,0.11764705882352941
6.0,1871.0,10.0,93.0,0.05740740740740741,8.0,2704.0,59.0,1620.0,1.0,199.0,0.12283950617283951,334.0,0.32587548638132297
5.0,89.0,42.0,4.0,0.13333333333333333,7.0,174.0,58.0,30.0,1.0,13.0,0.43333333333333335,18.0,0.1357142857142857
4.0,837.0,3.0,14.0,0.01717791411042945,8.0,1052.0,33.0,815.0,1.0,82.0,0.10061349693251534,30.0,0.13025210084033614
6.0,2484.0,42.0,155.0,0.07680872150644202,8.0,3238.0,85.0,2018.0,1.0,225.0,0.11149653121902874,137.0,0.12010443864229765
3.0,42.0,1.0,1.0,0.025,4.0,45.0,2.0,40.0,1.0,2.0,0.05,0.0,0.2
2.0,2.0,0.0,0.0,0.0,3.0,4.0,2.0,1.0,1.0,1.0,1.0,0.0,0.25
6.0,331.0,31.0,22.0,0.09565217391304348,5.0,323.0,26.0,230.0,1.0,24.0,0.10434782608695652,5.0,0.06666666666666667
2.0,114.0,0.0,0.0,0.0,3.0,119.0,1.0,113.0,1.0,5.0,0.04424778761061947,1.0,0.2857142857142857
3.0,109.0,1.0,1.0,0.009345794392523364,3.0,117.0,4.0,107.0,1.0,6.0,0.056074766355140186,1.0,0.18181818181818182
4.0,61.0,2.0,6.0,0.12,4.0,69.0,3.0,50.0,1.0,8.0,0.16,3.0,0.2
6.0,1107.0,4.0,23.0,0.021967526265520534,7.0,1422.0,37.0,1047.0,1.0,104.0,0.09933142311365807,35.0,0.0967741935483871
2.0,13.0,0.0,0.0,0.0,3.0,16.0,2.0,12.0,1.0,2.0,0.16666666666666666,0.0,0.2
6.0,6409.0,184.0,421.0,0.1496622822609314,10.0,10818.0,89.0,2813.0,1.0,596.0,0.2118734447209385,1176.0,0.15444167432095526
2.0,72.0,0.0,0.0,0.0,4.0,86.0,8.0,71.0,1.0,5.0,0.07042253521126761,2.0,0.2
2.0,41.0,0.0,0.0,0.0,3.0,46.0,2.0,40.0,1.0,4.0,0.1,2.0,0.42857142857142855
3.0,29.0,3.0,1.0,0.04,7.0,55.0,22.0,25.0,1.0,2.0,0.08,3.0,0.12903225806451613
2.0,21.0,0.0,0.0,0.0,3.0,22.0,1.0,20.0,1.0,1.0,0.05,1.0,0.6666666666666666
6.0,452.0,20.0,53.0,0.21721311475409835,7.0,1008.0,73.0,244.0,1.0,71.0,0.29098360655737704,94.0,0.1270053475935829
2.0,415.0,0.0,0.0,0.0,4.0,451.0,3.0,414.0,1.0,21.0,0.050724637681159424,5.0,0.15789473684210525
2.0,4.0,0.0,0.0,0.0,3.0,8.0,4.0,3.0,1.0,1.0,0.3333333333333333,0.0,0.16666666666666666
3.0,27.0,1.0,2.0,0.08333333333333333,4.0,43.0,5.0,24.0,1.0,5.0,0.20833333333333334,3.0,0.21052631578947367
2.0,47.0,0.0,0.0,0.0,3.0,58.0,6.0,46.0,1.0,4.0,0.08695652173913043,2.0,0.23076923076923078
3.0,113.0,1.0,1.0,0.009009009009009009,3.0,116.0,1.0,111.0,1.0,4.0,0.036036036036036036,1.0,0.3333333333333333
6.0,2424.0,161.0,99.0,0.0553381777529346,10.0,3118.0,56.0,1789.0,1.0,248.0,0.13862493012856344,256.0,0.20188531029065201
6.0,2066.0,24.0,68.0,0.0367170626349892,8.0,3002.0,68.0,1852.0,1.0,277.0,0.1495680345572354,199.0,0.19157088122605365
7.0,4607.0,185.0,200.0,0.13764624913971094,10.0,6100.0,101.0,1453.0,1.0,322.0,0.22161046111493463,603.0,0.13419240168851365
2.0,6.0,0.0,0.0,0.0,3.0,7.0,1.0,5.0,1.0,1.0,0.2,0.0,0.3333333333333333
6.0,1132.0,13.0,33.0,0.033,6.0,1643.0,71.0,1000.0,1.0,105.0,0.105,133.0,0.209375
6.0,161.0,29.0,10.0,0.12195121951219512,8.0,234.0,69.0,82.0,1.0,15.0,0.18292682926829268,38.0,0.2565789473684211
6.0,1261.0,40.0,65.0,0.06659836065573771,7.0,1895.0,84.0,976.0,1.0,106.0,0.10860655737704918,93.0,0.10307017543859649
6.0,25.0,3.0,2.0,0.2222222222222222,4.0,13.0,1.0,9.0,1.0,2.0,0.2222222222222222,2.0,0.6
6.0,2199.0,85.0,154.0,0.10301003344481606,7.0,2605.0,80.0,1495.0,1.0,247.0,0.16521739130434782,217.0,0.20018365472910926
2.0,10.0,0.0,0.0,0.0,3.0,12.0,2.0,9.0,1.0,1.0,0.1111111111111111,0.0,0.25
2.0,8.0,0.0,0.0,0.0,3.0,11.0,3.0,7.0,1.0,1.0,0.14285714285714285,3.0,0.8
6.0,408.0,2.0,9.0,0.023076923076923078,5.0,550.0,6.0,390.0,1.0,86.0,0.2205128205128205,23.0,0.1509433962264151
2.0,14.0,0.0,0.0,0.0,4.0,20.0,3.0,13.0,1.0,2.0,0.15384615384615385,1.0,0.25
6.0,3824.0,204.0,111.0,0.03546325878594249,5.0,3814.0,87.0,3130.0,1.0,146.0,0.04664536741214057,73.0,0.11332312404287902
3.0,153.0,7.0,7.0,0.051470588235294115,4.0,320.0,90.0,136.0,1.0,20.0,0.14705882352941177,17.0,0.10344827586206896
6.0,355.0,33.0,24.0,0.13259668508287292,8.0,426.0,28.0,181.0,1.0,27.0,0.14917127071823205,16.0,0.07657657657657657
6.0,1442.0,58.0,78.0,0.07647058823529412,10.0,2771.0,87.0,1020.0,1.0,174.0,0.17058823529411765,200.0,0.11538461538461539
7.0,13572.0,194.0,970.0,0.23885742427973405,11.0,21332.0,95.0,4061.0,1.0,1431.0,0.3523762620044324,1931.0,0.11794151761186741
2.0,8.0,0.0,0.0,0.0,3.0,9.0,1.0,7.0,1.0,1.0,0.14285714285714285,0.0,0.3333333333333333
2.0,3.0,0.0,0.0,0.0,3.0,4.0,1.0,2.0,1.0,1.0,0.5,1.0,0.6666666666666666
5.0,1544.0,1.0,5.0,0.0032552083333333335,6.0,1859.0,25.0,1536.0,1.0,47.0,0.030598958333333332,58.0,0.1891025641025641
2.0,181.0,0.0,0.0,0.0,3.0,185.0,2.0,180.0,1.0,3.0,0.016666666666666666,0.0,0.2
6.0,2069.0,110.0,126.0,0.08600682593856655,10.0,2915.0,79.0,1465.0,1.0,225.0,0.15358361774744028,185.0,0.13566739606126915
4.0,220.0,1.0,2.0,0.009259259259259259,4.0,250.0,8.0,216.0,1.0,14.0,0.06481481481481481,1.0,0.06060606060606061
6.0,229.0,22.0,11.0,0.05945945945945946,7.0,438.0,46.0,185.0,1.0,37.0,0.2,42.0,0.17695473251028807
10.0,9207.0,159.0,837.0,0.18019375672766416,9.0,10826.0,78.0,4645.0,1.0,870.0,0.18729817007534985,529.0,0.08989145183175033
3.0,71.0,2.0,2.0,0.029850746268656716,6.0,150.0,19.0,67.0,1.0,17.0,0.2537313432835821,6.0,0.08641975308641975
6.0,1784.0,163.0,87.0,0.08987603305785125,8.0,2672.0,78.0,968.0,1.0,166.0,0.17148760330578514,371.0,0.22011834319526627
5.0,100.0,2.0,14.0,0.1794871794871795,4.0,168.0,15.0,78.0,1.0,28.0,0.358974358974359,16.0,0.18888888888888888
6.0,32.0,2.0,3.0,0.13636363636363635,4.0,26.0,1.0,22.0,1.0,2.0,0.09090909090909091,0.0,0.2
3.0,168.0,11.0,9.0,0.06569343065693431,8.0,328.0,38.0,137.0,1.0,23.0,0.1678832116788321,20.0,0.11229946524064172
6.0,73.0,19.0,2.0,0.04081632653061224,4.0,67.0,7.0,49.0,1.0,5.0,0.10204081632653061,1.0,0.10526315789473684
6.0,685.0,75.0,41.0,0.08282828282828283,7.0,1086.0,37.0,495.0,1.0,120.0,0.24242424242424243,67.0,0.11992945326278659
2.0,10.0,0.0,0.0,0.0,3.0,12.0,1.0,9.0,1.0,2.0,0.2222222222222222,0.0,0.25
2.0,4.0,0.0,0.0,0.0,3.0,7.0,3.0,3.0,1.0,1.0,0.3333333333333333,3.0,0.8
6.0,175.0,109.0,5.0,0.1111111111111111,6.0,143.0,61.0,45.0,1.0,7.0,0.15555555555555556,20.0,0.22580645161290322
6.0,1310.0,70.0,63.0,0.07875,12.0,2414.0,78.0,800.0,1.0,160.0,0.2,317.0,0.19887429643527205
6.0,138.0,13.0,10.0,0.10416666666666667,7.0,209.0,23.0,96.0,1.0,18.0,0.1875,17.0,0.15789473684210525
5.0,222.0,16.0,22.0,0.1456953642384106,6.0,589.0,76.0,151.0,1.0,36.0,0.23841059602649006,40.0,0.09382151029748284
6.0,1492.0,10.0,63.0,0.04827586206896552,7.0,2974.0,80.0,1305.0,1.0,139.0,0.10651340996168582,159.0,0.10101010101010101
6.0,335.0,6.0,9.0,0.03,6.0,363.0,3.0,300.0,1.0,31.0,0.10333333333333333,5.0,0.10344827586206896
2.0,15.0,0.0,0.0,0.0,3.0,16.0,1.0,14.0,1.0,1.0,0.07142857142857142,0.0,0.3333333333333333
3.0,481.0,17.0,8.0,0.018018018018018018,7.0,666.0,85.0,444.0,1.0,31.0,0.06981981981981981,46.0,0.22705314009661837
6.0,84.0,30.0,7.0,0.5384615384615384,6.0,161.0,60.0,13.0,1.0,6.0,0.46153846153846156,15.0,0.10810810810810811
5.0,7.0,1.0,1.0,0.3333333333333333,2.0,4.0,0.0,3.0,0.0,0.0,0.0,0.0,0.5
3.0,10.0,1.0,1.0,0.125,2.0,9.0,0.0,8.0,0.0,0.0,0.0,0.0,0.5
3.0,28.0,2.0,2.0,0.08333333333333333,4.0,40.0,5.0,24.0,1.0,6.0,0.25,3.0,0.23529411764705882
6.0,720.0,76.0,40.0,0.09090909090909091,9.0,1720.0,79.0,440.0,1.0,101.0,0.22954545454545455,98.0,0.08108108108108109
6.0,68.0,3.0,2.0,0.03333333333333333,5.0,88.0,12.0,60.0,1.0,5.0,0.08333333333333333,7.0,0.2962962962962963
3.0,20.0,2.0,1.0,0.058823529411764705,4.0,24.0,2.0,17.0,1.0,3.0,0.17647058823529413,0.0,0.14285714285714285
2.0,28.0,0.0,0.0,0.0,4.0,39.0,4.0,27.0,1.0,6.0,0.2222222222222222,1.0,0.15384615384615385
6.0,1059.0,15.0,12.0,0.011811023622047244,7.0,1332.0,84.0,1016.0,1.0,40.0,0.03937007874015748,56.0,0.18627450980392157
6.0,71.0,2.0,3.0,0.05454545454545454,4.0,62.0,2.0,55.0,1.0,4.0,0.07272727272727272,3.0,0.5
6.0,176.0,4.0,13.0,0.10317460317460317,4.0,183.0,13.0,126.0,1.0,17.0,0.1349206349206349,13.0,0.2413793103448276
6.0,59.0,4.0,4.0,0.1111111111111111,3.0,38.0,1.0,36.0,1.0,1.0,0.027777777777777776,0.0,0.3333333333333333
6.0,1108.0,10.0,42.0,0.042467138523761376,6.0,1287.0,21.0,989.0,1.0,95.0,0.09605662285136501,69.0,0.2356902356902357
5.0,30.0,2.0,2.0,0.08695652173913043,4.0,61.0,31.0,23.0,1.0,2.0,0.08695652173913043,5.0,0.15789473684210525
2.0,62.0,0.0,0.0,0.0,3.0,65.0,2.0,61.0,1.0,2.0,0.03278688524590164,0.0,0.2
2.0,10.0,0.0,0.0,0.0,3.0,14.0,2.0,9.0,1.0,3.0,0.3333333333333333,1.0,0.3333333333333333
3.0,27.0,1.0,1.0,0.04,4.0,39.0,6.0,25.0,1.0,4.0,0.16,0.0,0.07142857142857142
6.0,160.0,1.0,1.0,0.0064516129032258064,3.0,157.0,1.0,155.0,1.0,1.0,0.0064516129032258064,0.0,0.3333333333333333
3.0,70.0,7.0,2.0,0.034482758620689655,6.0,197.0,23.0,58.0,1.0,16.0,0.27586206896551724,25.0,0.19696969696969696
4.0,16.0,1.0,1.0,0.07692307692307693,3.0,20.0,3.0,13.0,1.0,4.0,0.3076923076923077,0.0,0.125
4.0,133.0,3.0,11.0,0.10185185185185185,4.0,170.0,12.0,108.0,1.0,15.0,0.1388888888888889,4.0,0.09090909090909091
6.0,1582.0,167.0,73.0,0.0946822308690013,9.0,2626.0,82.0,771.0,1.0,297.0,0.3852140077821012,459.0,0.2574146614437605
2.0,2.0,0.0,0.0,0.0,3.0,3.0,1.0,1.0,1.0,1.0,1.0,0.0,0.3333333333333333
6.0,1568.0,66.0,89.0,0.09498399146211313,8.0,2698.0,68.0,937.0,1.0,201.0,0.21451440768409819,211.0,0.12522150029533372
3.0,90.0,1.0,1.0,0.011363636363636364,3.0,100.0,1.0,88.0,1.0,11.0,0.125,1.0,0.15384615384615385
6.0,207.0,26.0,16.0,0.24242424242424243,6.0,245.0,67.0,66.0,1.0,16.0,0.24242424242424243,19.0,0.11173184357541899
2.0,1883.0,0.0,0.0,0.0,6.0,2199.0,30.0,1882.0,2.0,86.0,0.04569606801275239,69.0,0.22012578616352202
6.0,54.0,2.0,1.0,0.020833333333333332,6.0,90.0,13.0,48.0,1.0,10.0,0.20833333333333334,8.0,0.21428571428571427
3.0,53.0,4.0,4.0,0.09523809523809523,6.0,100.0,9.0,42.0,1.0,9.0,0.21428571428571427,3.0,0.07142857142857142
3.0,29.0,5.0,1.0,0.043478260869565216,4.0,51.0,8.0,23.0,1.0,7.0,0.30434782608695654,2.0,0.10714285714285714
7.0,3826.0,52.0,324.0,0.11868131868131868,10.0,8565.0,88.0,2730.0,1.0,952.0,0.3487179487179487,626.0,0.11117021276595744
6.0,820.0,23.0,38.0,0.05547445255474453,6.0,1605.0,77.0,685.0,1.0,138.0,0.20145985401459854,58.0,0.0641304347826087
3.0,70.0,2.0,3.0,0.046153846153846156,4.0,78.0,3.0,65.0,1.0,6.0,0.09230769230769231,2.0,0.21428571428571427
4.0,26.0,1.0,2.0,0.09090909090909091,4.0,55.0,11.0,22.0,1.0,4.0,0.18181818181818182,1.0,0.06451612903225806
6.0,502.0,13.0,17.0,0.03803131991051454,9.0,726.0,60.0,447.0,1.0,46.0,0.1029082774049217,36.0,0.137546468401487
6.0,1045.0,11.0,38.0,0.03946002076843198,5.0,1165.0,19.0,963.0,1.0,106.0,0.11007268951194185,22.0,0.11616161616161616
2.0,147.0,0.0,0.0,0.0,4.0,155.0,2.0,146.0,1.0,5.0,0.03424657534246575,1.0,0.2
6.0,41.0,1.0,2.0,0.05714285714285714,4.0,72.0,28.0,35.0,1.0,6.0,0.17142857142857143,9.0,0.2631578947368421
2.0,5.0,0.0,0.0,0.0,3.0,7.0,1.0,4.0,1.0,2.0,0.5,1.0,0.5
6.0,808.0,20.0,53.0,0.0848,10.0,1506.0,69.0,625.0,1.0,147.0,0.2352,95.0,0.11334120425029516
2.0,23.0,0.0,0.0,0.0,3.0,45.0,12.0,22.0,1.0,5.0,0.22727272727272727,3.0,0.16666666666666666
6.0,467.0,3.0,7.0,0.015555555555555555,4.0,481.0,4.0,450.0,1.0,23.0,0.051111111111111114,7.0,0.25
6.0,747.0,40.0,28.0,0.050816696914700546,8.0,1435.0,80.0,551.0,1.0,62.0,0.11252268602540835,132.0,0.15079365079365079
6.0,1416.0,22.0,41.0,0.03295819935691318,6.0,1676.0,44.0,1244.0,1.0,88.0,0.0707395498392283,47.0,0.11851851851851852
4.0,41.0,3.0,3.0,0.08823529411764706,3.0,49.0,10.0,34.0,1.0,4.0,0.11764705882352941,6.0,0.4375
6.0,690.0,49.0,34.0,0.07024793388429752,7.0,1101.0,83.0,484.0,1.0,60.0,0.12396694214876033,46.0,0.0817391304347826
6.0,1579.0,158.0,100.0,0.0984251968503937,8.0,2304.0,72.0,1016.0,1.0,194.0,0.19094488188976377,158.0,0.12402496099843993
