0,1,2,3,4,5,6,7,8,9,10,11,12,13,14
5.0,265.0,26.0,17.0,0.08415841584158416,6991.428571428572,121400.0,25967486.0,26.5,0.0,0.5454545454545454,-0.14262352941176473,-0.1426142857142857,0.0,0.0
6.0,45.0,11.0,2.0,0.08,145985.57142857142,74467.0,3304416.0,145985.57142857142,987232.0,1.2857142857142858,0.07356,-0.03901111111111112,0.07524285714285714,-0.0501375
6.0,83.0,1.0,3.0,0.039473684210526314,1194.0,25332.0,117345206.0,1194.0,28558.0,1.0,0.13180000000000003,0.13910000000000003,-0.4019,-0.4019
4.0,98.0,6.0,6.0,0.08,1619.0,54430.0,2003820.0,1619.0,269217.0,0.7,-0.11131333333333333,-0.11131333333333333,-0.24055,-0.24055
5.0,345.0,9.0,16.0,0.05228758169934641,4704143.375,27079.0,775104.0,2225.5,105699.0,0.875,-0.012489285714285708,-0.08495217391304348,-0.22215,-0.22215
5.0,12.0,3.0,1.0,0.16666666666666666,150.5,50540.0,2606308.0,150.5,162302.0,1.3333333333333333,-0.08341999999999998,0.025000000000000005,-0.08341999999999998,0.025000000000000005
3.0,24.0,1.0,1.0,0.045454545454545456,0.0,76449.0,610149.0,0.0,0.0,2.0,0.34,0.34,0.0,0.0
6.0,228.0,8.0,15.0,0.07653061224489796,1651.3333333333333,26796.0,11951924.0,1651.3333333333333,33247.0,1.1538461538461537,0.04201538461538461,-0.0047913043478261,0.13585714285714284,-0.06290000000000004
6.0,323.0,94.0,12.0,0.10909090909090909,6435743.175438597,25393.0,53268569.0,8733669.452380951,12723057.0,0.7529411764705882,-0.0814945945945946,-0.09834690265486726,0.3182,0.3182
6.0,274.0,3.0,14.0,0.058577405857740586,4203.25,391931.0,102392676.0,177.66666666666666,0.0,3.75,0.3129388888888889,0.33702,0.0,0.0
6.0,1041.0,74.0,69.0,0.0957004160887656,31334.214285714286,25990.0,9758598.0,57281.52380952381,8290532.0,0.49612403100775193,-0.19700209424083767,-0.23210754716981136,-0.20343283582089555,-0.2791098039215686
6.0,626.0,27.0,33.0,0.062264150943396226,11655.6,354725.0,27312257.0,11888.5,579190.0,2.2777777777777777,0.1952438596491228,0.17310576923076923,0.19138666666666668,0.19138666666666668
2.0,21.0,0.0,0.0,0.0,0.0,26102.0,155369.0,0.0,0.0,0.0,0.0,0.0,0.0,0.0
3.0,22.0,1.0,1.0,0.05,0.0,79228.0,1220847.0,0.0,25658.0,2.0,0.6249,0.6249,0.0,0.0
6.0,119.0,23.0,1.0,0.011363636363636364,9188.42857142857,25949.0,3287218.0,9188.42857142857,184947.0,0.19047619047619047,-0.38702173913043486,-0.45402105263157894,-0.38702173913043486,-0.45402105263157894
6.0,515.0,16.0,15.0,0.03409090909090909,10344.2,8806533.0,33987959.0,1247.0,156879.0,0.5,-0.14807818181818183,-0.1526135135135135,-0.3923142857142857,-0.34542
3.0,9.0,1.0,2.0,0.3333333333333333,0.0,342066.0,11198252.0,0.0,0.0,0.5,-0.4767,-0.4767,0.0,0.0
6.0,390.0,5.0,16.0,0.0446927374301676,162686.125,27069.0,39887930.0,311946.75,0.0,0.9230769230769231,0.018495652173913045,0.039976470588235294,0.1694857142857143,0.455925
6.0,184.0,23.0,14.0,0.1320754716981132,42419.1,26241.0,1028912.0,28171.8,35365.0,0.6363636363636364,-0.05777407407407406,-0.09935263157894737,0.012573684210526327,-0.05069333333333332
6.0,1005.0,36.0,82.0,0.11468531468531469,18308.0,25744.0,33172569.0,37270.153846153844,33110084.0,0.453781512605042,-0.21300465116279066,-0.27489629629629625,-0.305025,-0.2774142857142857
6.0,996.0,31.0,58.0,0.08708708708708708,60550.637681159424,31013.0,14709934.0,6454.0,0.0,0.7586206896551724,-0.06037951219512194,-0.1189158536585366,0.305825,0.2589
5.0,1266.0,3.0,27.0,0.021969080553295363,1892.0,44871.0,94666128.0,233.0,0.0,1.5,0.13992608695652173,0.09357777777777777,0.0,0.0
4.0,144.0,6.0,10.0,0.08064516129032258,3504.5,119847.0,9740009.0,156.0,231355.0,1.2,0.0049666666666666566,-0.03668750000000001,3.333333333332966e-05,3.333333333332966e-05
3.0,44.0,4.0,4.0,0.12903225806451613,0.0,25234.0,1006129.0,0.0,27564.0,6.0,0.52454,0.52454,0.4215,0.4215
3.0,40.0,3.0,3.0,0.09090909090909091,0.0,29984.0,1815885.0,0.0,96053.0,3.0,0.37444999999999995,0.37444999999999995,0.4019,0.4019
2.0,24.0,0.0,0.0,0.0,0.0,35714.0,22958855.0,0.0,0.0,0.0,0.0,0.0,0.0,0.0
3.0,117.0,3.0,5.0,0.045871559633027525,0.0,68437.0,24946345.0,0.0,686222.0,1.3333333333333333,0.31496,0.31496,0.0,0.0
6.0,483.0,42.0,38.0,0.10704225352112676,54623.75,26731.0,36059485.0,159.0,0.0,1.5142857142857142,0.10586206896551723,0.10472763157894736,0.051505555555555575,0.0769774193548387
6.0,263.0,25.0,15.0,0.08875739644970414,2642.375,30767.0,58215193.0,587.2857142857143,0.0,1.5,0.06906551724137933,0.0023100000000000065,0.31343333333333334,0.27715833333333334
6.0,1276.0,27.0,73.0,0.06992337164750957,6640.289156626506,25248.0,56254135.0,15303.666666666666,0.0,0.7974683544303798,-0.05337499999999999,-0.13759347826086957,0.021425,-0.04817222222222222
5.0,246.0,28.0,12.0,0.06153846153846154,7855.75,10998266.0,86356242.0,480.3333333333333,20460564.0,0.8888888888888888,-0.06105757575757574,-0.0839392857142857,-0.0378875,-0.04112272727272726
2.0,10.0,0.0,0.0,0.0,0.0,215540.0,13496475.0,0.0,0.0,0.0,0.0,0.0,0.0,0.0
5.0,289.0,69.0,7.0,0.036458333333333336,506.5,62451.0,21610561.0,506.5,600362.0,3.0714285714285716,0.31427321428571425,0.31427321428571425,0.3334,0.3334
3.0,130.0,6.0,11.0,0.0990990990990991,0.0,57990.0,9414929.0,0.0,0.0,0.7,-0.12985999999999998,-0.12985999999999998,-0.004019999999999979,-0.004019999999999979
5.0,1031.0,81.0,62.0,0.07788944723618091,412439.3103448276,363166.0,39437218.0,40228.666666666664,88677.0,1.0,-0.033113380281690155,-0.038461475409836056,-0.12632272727272725,-0.1971421052631579
6.0,1073.0,3.0,30.0,0.02967359050445104,8600.227272727272,26238.0,70568429.0,29242.0,53217.0,1.0,0.04136363636363637,-0.008215,0.5229,0.5229
6.0,490.0,83.0,19.0,0.06229508196721312,24060.14285714286,26195.0,1490425.0,27990.92,1479911.0,1.0142857142857142,-0.010599285714285707,-0.056114678899082567,0.030118072289156632,-0.04471692307692306
6.0,169.0,3.0,9.0,0.05921052631578947,403.75,35186.0,8047211.0,403.75,0.0,0.5714285714285714,-0.13549,-0.2708333333333333,0.4939,0.4939
3.0,1159.0,1.0,8.0,0.006956521739130435,0.0,315228.0,20735955.0,0.0,0.0,1.6666666666666667,0.15713333333333332,0.15713333333333332,-0.5574,-0.5574
6.0,108.0,1.0,4.0,0.04081632653061224,725.2,843023.0,122427061.0,49.333333333333336,0.0,1.0,0.13036666666666666,-0.033249999999999995,0.0,0.0
3.0,19.0,1.0,1.0,0.058823529411764705,0.0,25897.0,15246578.0,0.0,25711.0,1.0,0.0,0.0,0.0,0.0
6.0,773.0,20.0,65.0,0.12922465208747516,51580.85294117647,36938.0,9797249.0,3779.3333333333335,0.0,0.8514851485148515,-0.03617329842931936,-0.005448905109489049,0.44173999999999997,0.402875
6.0,1106.0,7.0,45.0,0.044820717131474105,9274.0,25345.0,82075535.0,5380.571428571428,27377.0,0.48936170212765956,-0.2327070422535211,-0.2748625,0.0879375,-0.01092499999999999
2.0,4.0,0.0,0.0,0.0,0.0,25991.0,4631181.0,0.0,25991.0,0.0,0.0,0.0,0.0,0.0
3.0,6.0,2.0,1.0,0.3333333333333333,0.0,2459859.0,2480773.0,0.0,46271.0,0.5,-0.4767,-0.4767,-0.4767,-0.4767
3.0,37.0,4.0,2.0,0.06896551724137931,0.0,310382.0,4964953.0,0.0,0.0,1.3333333333333333,-0.015379999999999994,-0.015379999999999994,0.27276666666666666,0.27276666666666666
6.0,473.0,8.0,27.0,0.07142857142857142,7836.5,27608.0,38735822.0,17326.166666666668,133306.0,1.88,0.18610281690140842,0.21067843137254902,0.2906875,0.2839
6.0,1136.0,9.0,45.0,0.04455445544554455,10410.911764705883,445980.0,63618739.0,10553.2,25443.0,1.3333333333333333,0.07990877192982458,0.10168157894736844,-0.51315,-0.7003
6.0,134.0,11.0,14.0,0.14893617021276595,6505.666666666667,41246.0,1798290.0,9049.4,0.0,0.6,-0.06094782608695653,-0.08631578947368422,0.0,0.0
3.0,70.0,1.0,1.0,0.014705882352941176,0.0,25221.0,2737285.0,0.0,173544.0,1.0,0.0,0.0,0.0,0.0
3.0,306.0,7.0,10.0,0.03571428571428571,0.0,25715.0,10118022.0,0.0,2212596.0,2.3333333333333335,0.25383333333333336,0.25383333333333336,0.0,0.0
4.0,193.0,2.0,7.0,0.038461538461538464,104576.5,56697.0,13381664.0,104576.5,25600.0,0.5714285714285714,-0.07800000000000001,0.016514285714285704,-0.11447500000000002,0.17984999999999995
6.0,172.0,19.0,7.0,0.056451612903225805,612.6666666666666,72551.0,36762073.0,1252.3333333333333,0.0,1.2777777777777777,0.049417948717948725,-0.009596666666666668,0.0304,0.023827272727272728
4.0,237.0,19.0,8.0,0.03940886699507389,14780.0,26557.0,12779716.0,55718.0,114429.0,2.4,0.27498666666666666,0.1921833333333333,0.30927777777777776,0.16081666666666666
3.0,18.0,6.0,1.0,0.09090909090909091,0.0,3216443.0,3886544.0,0.0,42947.0,1.0,0.027550000000000005,0.027550000000000005,0.027550000000000005,0.027550000000000005
4.0,257.0,12.0,7.0,0.03017241379310345,320.0,38368.0,36647429.0,320.0,107031.0,1.8571428571428572,0.1583277777777778,0.2220294117647059,-0.03671250000000002,-0.03671250000000002
4.0,50.0,4.0,3.0,0.07142857142857142,7832.0,67132.0,12533233.0,7832.0,55955.0,0.6,-0.08249999999999998,-0.17123999999999998,-0.12743333333333332,-0.12743333333333332
5.0,140.0,3.0,1.0,0.007462686567164179,120.0,30153.0,41047420.0,120.0,34776.0,1.0,0.0,0.0,0.0,0.0
6.0,1346.0,184.0,53.0,0.06535141800246609,19443.948571428573,28543.0,1753825.0,20065.940594059404,297676.0,0.5817490494296578,-0.1940040380047506,-0.20720248226950358,-0.498675,-0.498675
6.0,2198.0,34.0,80.0,0.04226096143687269,57590.91111111111,46361.0,71866032.0,22137.21052631579,3231230.0,0.717948717948718,-0.0647896551724138,-0.10933586206896549,-0.4926,-0.4926
4.0,265.0,9.0,14.0,0.06306306306306306,424352.5,26150.0,5613576.0,1075.0,36466.0,0.8421052631578947,-0.06222727272727273,-0.10356774193548386,0.0,0.0
6.0,712.0,13.0,31.0,0.050488599348534204,15628.75,26656.0,573111.0,13346.166666666666,377210.0,1.2857142857142858,0.0745274193548387,0.0756576923076923,0.29923999999999995,0.3686222222222222
6.0,655.0,31.0,58.0,0.15064935064935064,32684.378048780487,42537.0,34070195.0,26766.2,1028583.0,0.8695652173913043,-0.03583333333333333,0.04978407079646016,-0.016600000000000014,0.045184999999999996
3.0,38.0,3.0,3.0,0.09375,0.0,29794.0,758577.0,0.0,25471.0,0.4,-0.21627999999999997,-0.21627999999999997,-0.08970000000000002,-0.08970000000000002
3.0,88.0,5.0,7.0,0.10294117647058823,0.0,36409.0,34589247.0,0.0,1964926.0,0.3333333333333333,-0.35471428571428565,-0.35471428571428565,0.0,0.0
4.0,192.0,13.0,1.0,0.005649717514124294,10848.0,25322.0,41099142.0,10848.0,114336.0,1.75,0.2620444444444444,0.2620444444444444,0.2620444444444444,0.2620444444444444
3.0,26.0,3.0,2.0,0.09523809523809523,0.0,370634.0,6366883.0,0.0,111601.0,0.3333333333333333,-0.54845,-0.54845,-0.6202,-0.6202
6.0,720.0,4.0,19.0,0.027777777777777776,1010.6,41485349.0,114174803.0,269.8,0.0,1.3333333333333333,0.11090000000000003,0.14598181818181818,0.0,0.0
3.0,7.0,1.0,1.0,0.2,0.0,0.0,15884311.0,0.0,0.0,2.0,0.8553,0.8553,0.8553,0.8553
4.0,375.0,39.0,18.0,0.05901639344262295,4596.285714285715,25413.0,5095413.0,136.0,0.0,1.9375,0.1615088888888889,0.15405641025641026,-0.1722,-0.04185
6.0,121.0,1.0,7.0,0.06422018348623854,92.75,26096.0,13946421.0,1.0,0.0,0.42857142857142855,-0.33394999999999997,0.03317500000000001,0.5267,0.5267
2.0,25.0,0.0,0.0,0.0,0.0,25515.0,602745.0,0.0,163464.0,0.0,0.0,0.0,0.0,0.0
6.0,509.0,33.0,15.0,0.04087193460490463,78089.05405405405,54278.0,20335642.0,96026.37037037036,458914.0,0.7735849056603774,-0.09386702127659574,-0.1548457142857143,-0.4404,-0.4404
2.0,77.0,0.0,0.0,0.0,0.0,26014.0,339525.0,0.0,25229.0,0.0,0.0,0.0,0.0,0.0
6.0,6196.0,181.0,324.0,0.06335549472037544,12165.311392405063,27947934.0,196242744.0,229.66666666666666,91971.0,1.3138075313807531,0.07721932021466905,0.029689473684210523,0.13903125,0.1285666666666667
3.0,58.0,4.0,1.0,0.018867924528301886,0.0,472198.0,6452573.0,0.0,73533.0,1.0,-0.03813333333333333,-0.03813333333333333,-0.03813333333333333,-0.03813333333333333
2.0,3.0,0.0,0.0,0.0,0.0,25230.0,56172.0,0.0,25230.0,0.0,0.0,0.0,0.0,0.0
6.0,1847.0,131.0,133.0,0.12157221206581353,71582.30065359476,44477940.0,289805159.0,3108.222222222222,336714.0,1.1617021276595745,0.01810155945419104,0.0016752499999999949,0.29379999999999995,0.27835
6.0,289.0,3.0,16.0,0.061068702290076333,1953.2,25566.0,13212449.0,472.75,0.0,0.35714285714285715,-0.40488823529411766,-0.5151769230769231,-0.56165,-0.56165
4.0,88.0,44.0,5.0,0.16666666666666666,16189.4,141764.0,1056523.0,16189.4,150399.0,0.7272727272727273,-0.01606944444444444,-0.0049735294117647,-0.06885666666666665,-0.05915357142857141
6.0,1323.0,7.0,32.0,0.026101141924959218,4115.411764705882,57313.0,76330383.0,243.11111111111111,27500.0,2.125,0.19827959183673466,0.18566206896551724,0.3094,0.3094
4.0,116.0,19.0,5.0,0.05555555555555555,120.0,51697.0,2846930.0,120.0,838270.0,0.6,-0.1556142857142857,-0.20557692307692307,-0.1193818181818182,-0.18071
3.0,9.0,1.0,1.0,0.14285714285714285,0.0,38153.0,153311.0,0.0,0.0,1.0,0.0,0.0,0.0,0.0
3.0,288.0,17.0,5.0,0.018796992481203006,0.0,25391.0,45026027.0,0.0,829040.0,0.4,-0.2502692307692308,-0.2502692307692308,0.0,0.0
2.0,8.0,0.0,0.0,0.0,0.0,358073.0,358073.0,0.0,0.0,0.0,0.0,0.0,0.0,0.0
6.0,834.0,14.0,35.0,0.04895104895104895,555187.2894736842,51783.0,77420687.0,499748.4,0.0,1.105263157894737,0.0429860759493671,-0.0057204081632653125,0.06813636363636368,-0.12927999999999998
7.0,3068.0,183.0,210.0,0.13962765957446807,14286.569958847736,11314701.0,12694935.0,2361.3333333333335,264679.0,1.3575129533678756,0.08154117009750812,0.09582449922958398,0.28823000000000004,0.28823000000000004
2.0,6.0,0.0,0.0,0.0,0.0,102481.0,244900.0,0.0,0.0,0.0,0.0,0.0,0.0,0.0
4.0,1203.0,3.0,24.0,0.020477815699658702,58085.666666666664,204747.0,70437505.0,172895.0,27942.0,0.6,-0.1841454545454545,-0.24174499999999996,0.6239,0.6239
6.0,269.0,28.0,19.0,0.10555555555555556,44288.0,66988.0,8659680.0,2770.5,326567.0,1.0666666666666667,-0.01833064516129032,-0.08141999999999999,0.010784374999999995,-0.08295000000000001
6.0,731.0,3.0,30.0,0.04457652303120357,32267.7,28115.0,157200349.0,99.0,101525.0,1.3529411764705883,0.07853589743589745,0.047008,0.0,0.0
6.0,1095.0,32.0,77.0,0.09935483870967741,19215.40350877193,76615.0,26488066.0,14333.333333333334,0.0,0.5769230769230769,-0.16934739336492888,-0.17331597633136092,-0.19313636363636358,-0.24856999999999996
6.0,434.0,5.0,18.0,0.046753246753246755,1173.642857142857,29514.0,41203961.0,620.0,48359.0,1.1176470588235294,0.01316285714285714,0.004965217391304341,0.19433999999999998,0.19433999999999998
3.0,40.0,1.0,2.0,0.05405405405405406,0.0,33016.0,281600.0,0.0,28693.0,0.5,-0.4767,-0.4767,0.0,0.0
5.0,35.0,9.0,2.0,0.1,4622.0,26641.0,10401573.0,4622.0,134109.0,1.4,0.14377,0.10501111111111111,0.121125,0.06805714285714286
6.0,1746.0,135.0,119.0,0.11632453567937438,375288.97402597405,1718023.0,43522732.0,987658.6153846154,2777698.0,0.688212927756654,-0.13133035714285715,-0.14457224080267558,-0.15008125,-0.17388571428571425
3.0,97.0,1.0,3.0,0.03225806451612903,0.0,34686.0,53036658.0,0.0,0.0,4.0,0.5682333333333333,0.5682333333333333,0.0,0.0
6.0,288.0,5.0,17.0,0.07053941908713693,16652.0,93703.0,19850990.0,824.8333333333334,46180.0,0.7272727272727273,-0.060640540540540556,-0.06688888888888889,-0.027600000000000013,-0.027600000000000013
2.0,44.0,0.0,0.0,0.0,0.0,27607.0,3520703.0,0.0,0.0,0.0,0.0,0.0,0.0,0.0
5.0,365.0,5.0,6.0,0.017191977077363897,123.75,45673.0,73211575.0,144.5,115053.0,0.7142857142857143,-0.12521000000000004,-0.2511,-0.5508,-0.5508
3.0,13.0,2.0,2.0,0.2222222222222222,0.0,32058.0,294607.0,0.0,45179.0,3.0,0.60285,0.60285,0.8038,0.8038
3.0,46.0,2.0,4.0,0.1,0.0,44955.0,10431675.0,0.0,273793.0,2.0,0.5994,0.5994,0.0,0.0
6.0,214.0,30.0,12.0,0.096,8239.0,3468984.0,21462982.0,375.0,190098.0,0.4883720930232558,-0.19229193548387097,-0.1720982456140351,-0.26555,-0.16299999999999998
3.0,3.0,1.0,1.0,1.0,0.0,0.0,0.0,0.0,0.0,2.0,0.6369,0.6369,0.6369,0.6369
6.0,1232.0,4.0,34.0,0.029159519725557463,2324.176470588235,45866.0,71678765.0,369.6666666666667,108962.0,1.4736842105263157,0.12903695652173913,0.09541562499999999,0.0,0.0
6.0,714.0,24.0,69.0,0.15753424657534246,946219.8913043478,31237.0,16915173.0,5203.0,0.0,1.4430379746835442,0.11013782383419689,0.10998322981366457,0.2635,0.2611785714285714
6.0,746.0,145.0,24.0,0.06666666666666667,16547.14864864865,95897.0,13571965.0,33085.357142857145,2326354.0,0.6219512195121951,-0.1738014705882353,-0.2079353711790393,-0.12408169014084504,-0.16681346153846155
6.0,42.0,1.0,4.0,0.12121212121212122,4345.75,25577.0,221518.0,5510.0,56931.0,3.0,0.3578333333333334,-0.06495000000000001,0.0,0.0
6.0,1232.0,57.0,140.0,0.19390581717451524,14655.280487804877,26196.0,30648172.0,1142.875,0.0,0.7263681592039801,-0.10110427350427352,-0.09541533333333334,-0.062325641025641025,-0.030489189189189185
4.0,87.0,4.0,6.0,0.08571428571428572,1498.3333333333333,32041.0,3931998.0,2023.0,126983.0,0.7142857142857143,-0.08185,-0.1189375,-0.10964999999999997,-0.10964999999999997
4.0,113.0,5.0,5.0,0.049019607843137254,760.0,28262.0,13777575.0,760.0,57692.0,0.6666666666666666,-0.14440000000000006,-0.22524285714285716,-0.3595,-0.3595
3.0,157.0,1.0,2.0,0.012987012987012988,0.0,70549.0,9867056.0,0.0,27636.0,3.0,0.5865,0.5865,0.877,0.877
5.0,552.0,18.0,27.0,0.057692307692307696,9789.0,30135.0,26855366.0,547.3333333333334,194937.0,0.4857142857142857,-0.16702222222222224,-0.20102708333333333,-0.2638,-0.2638
3.0,69.0,4.0,1.0,0.015625,0.0,81760662.0,271659695.0,0.0,132682.0,1.5,0.09926666666666667,0.09926666666666667,0.09926666666666667,0.09926666666666667
5.0,58.0,5.0,5.0,0.1111111111111111,20778.0,29340.0,679095.0,20778.0,47272.0,1.5,0.149625,0.07288333333333334,0.2926,0.248975
4.0,136.0,14.0,6.0,0.05825242718446602,3572.6666666666665,31739.0,4027091.0,9144.0,113468.0,0.6,-0.12351363636363635,-0.12351363636363635,0.022736363636363634,0.022736363636363634
3.0,17.0,1.0,1.0,0.06666666666666667,0.0,0.0,1893863.0,0.0,0.0,2.0,0.4019,0.4019,0.0,0.0
6.0,184.0,28.0,8.0,0.06060606060606061,40257.25,37501.0,9681620.0,40257.25,7718796.0,0.8947368421052632,-0.017241176470588232,0.03964285714285716,0.05473703703703704,0.1511476190476191
6.0,363.0,65.0,24.0,0.10084033613445378,7342.142857142857,77363.0,36542573.0,195.0,28188.0,2.0,0.21727368421052629,0.21833283582089552,0.0901842105263158,0.08323783783783784
5.0,9.0,1.0,1.0,0.2,1691488.0,0.0,21123028.0,1691488.0,0.0,0.3333333333333333,-0.77245,-0.693,0.0,0.0
3.0,19.0,12.0,2.0,0.4,0.0,110471.0,235359.0,0.0,32335.0,1.8,0.15459166666666666,0.15459166666666666,0.1616272727272727,0.1616272727272727
6.0,1209.0,68.0,71.0,0.09208819714656291,24478.77358490566,25243.0,32384844.0,33262.9,1464816.0,1.4403669724770642,0.09913895131086142,0.10896808510638299,0.18341363636363636,0.18341363636363636
6.0,544.0,6.0,18.0,0.03536345776031434,54374.42857142857,211506.0,42140508.0,497.0,0.0,1.0,0.06653000000000003,0.19448666666666667,0.0,0.0
6.0,227.0,18.0,12.0,0.07272727272727272,2951.862068965517,25350.0,22604000.0,3034.5555555555557,151545.0,0.6451612903225806,-0.07542200000000002,-0.11989600000000002,0.0,0.0
6.0,1186.0,20.0,52.0,0.050980392156862744,25959.772727272728,27354.0,49172007.0,25.0,59210.0,2.0,0.21874590163934426,0.22490000000000002,0.29209999999999997,0.24395454545454545
4.0,192.0,12.0,6.0,0.03529411764705882,20175.0,34148.0,30720752.0,20175.0,16497399.0,2.0,0.15359230769230767,0.15359230769230767,0.24048571428571425,0.24048571428571425
6.0,2726.0,204.0,99.0,0.12975098296199214,50813.29336734694,42140.0,73655879.0,882.375,54771.0,0.5083986562150056,-0.207948573518654,-0.3057508641975309,-0.19770000000000001,-0.18785
6.0,762.0,34.0,56.0,0.09773123909249563,6705.484848484848,26960.0,19501211.0,770.0,255946.0,1.1428571428571428,0.013288333333333336,-0.05565135135135134,-0.18324285714285718,-0.29128
3.0,116.0,3.0,5.0,0.047619047619047616,0.0,25733.0,2685801.0,0.0,32914.0,0.6,-0.10945,-0.10945,0.7955,0.7955
3.0,7.0,2.0,2.0,0.6666666666666666,0.0,110543.0,110569.0,0.0,109782.0,2.0,0.6865,0.6865,0.0,0.0
4.0,141.0,4.0,10.0,0.08333333333333333,2287.6666666666665,29150.0,770443.0,5956.0,41483.0,0.5555555555555556,-0.31345,-0.37424,-0.7602500000000001,-0.7602500000000001
6.0,639.0,56.0,27.0,0.054,7697.181818181818,84447546.0,247609325.0,10511.583333333334,1224399.0,1.380952380952381,0.07763786407766991,0.0810453488372093,-0.05155348837209302,-0.00889999999999998
6.0,1231.0,25.0,79.0,0.0771484375,20116.375,11702613.0,43463527.0,4252.333333333333,0.0,0.6708860759493671,-0.13077348484848483,-0.19915533980582523,0.0,0.0
4.0,54.0,2.0,5.0,0.1111111111111111,85270.0,26950.0,6481115.0,85270.0,25277.0,0.75,-0.15342000000000003,-0.15342000000000003,0.0,0.0
4.0,281.0,4.0,8.0,0.03018867924528302,512.5,28365.0,88141609.0,675.0,0.0,2.3333333333333335,0.27607499999999996,0.36179999999999995,0.0,0.0
5.0,127.0,12.0,7.0,0.06796116504854369,58512.2,3871496.0,33509714.0,94646.66666666667,173321.0,0.5454545454545454,-0.24610666666666664,-0.12513333333333332,-0.35414,-0.26775
6.0,461.0,77.0,25.0,0.07886435331230283,8411.5,29189.0,31877603.0,439.6666666666667,26260.0,1.0769230769230769,0.06174811320754718,0.017645161290322574,0.17566666666666667,-0.2818
6.0,572.0,16.0,40.0,0.08968609865470852,10287.551724137931,26414.0,41845904.0,1127.5,133652.0,1.0232558139534884,-0.002388235294117661,-0.03261818181818184,0.23652,0.15994166666666665
4.0,97.0,19.0,4.0,0.07017543859649122,157.5,26826.0,3119254.0,157.5,204701.0,0.7222222222222222,-0.07748965517241381,-0.0825925925925926,-0.1705909090909091,-0.1705909090909091
2.0,103.0,0.0,0.0,0.0,0.0,48201.0,24474235.0,0.0,0.0,0.0,0.0,0.0,0.0,0.0
10.0,1762.0,40.0,233.0,0.22933070866141733,12466.997409326425,130996.0,8124116.0,820.0,0.0,1.183206106870229,0.05236082474226803,0.0510158088235294,0.273925,0.25189999999999996
3.0,23.0,1.0,1.0,0.047619047619047616,0.0,29181.0,6261001.0,0.0,74711.0,0.5,-0.1083,-0.1083,0.0,0.0
3.0,18.0,1.0,3.0,0.21428571428571427,0.0,29263.0,42262284.0,0.0,29203.0,0.5,-0.2263,-0.2263,0.0,0.0
6.0,1015.0,171.0,43.0,0.07214765100671142,30186.222222222223,25761.0,82815579.0,11995.666666666666,1726601.0,2.671641791044776,0.2466676113360324,0.24568675213675212,0.0,0.0
4.0,522.0,8.0,18.0,0.037037037037037035,60877.0,31469.0,6571574.0,24958.0,141781.0,0.3333333333333333,-0.3261272727272727,-0.3261272727272727,-0.6705,-0.6705
6.0,211.0,9.0,17.0,0.10759493670886076,8676.363636363636,105192.0,70879179.0,1081.4,0.0,1.5333333333333334,0.10793513513513514,0.07845925925925921,-0.09557500000000001,-0.15316666666666667
6.0,767.0,17.0,20.0,0.028409090909090908,3707.1666666666665,25659.0,14592693.0,1307.8,338737.0,0.6,-0.10054615384615385,-0.06973636363636364,-0.32475,-0.3535
3.0,29.0,3.0,4.0,0.18181818181818182,0.0,115568.0,272716.0,0.0,0.0,1.6666666666666667,0.19403333333333328,0.19403333333333328,0.2105,0.2105
3.0,36.0,1.0,1.0,0.029411764705882353,0.0,25424.0,274901.0,0.0,29304.0,1.0,0.0,0.0,0.0,0.0
2.0,2.0,0.0,0.0,0.0,0.0,25748.0,25748.0,0.0,25748.0,0.0,0.0,0.0,0.0,0.0
4.0,106.0,20.0,6.0,0.08450704225352113,2281.6666666666665,25778.0,271096.0,1626.5,124727.0,0.5,-0.27918947368421054,-0.25386111111111115,0.0,0.0
3.0,101.0,1.0,1.0,0.010101010101010102,0.0,199039.0,24106700.0,0.0,0.0,1.0,0.0,0.0,0.0,0.0
6.0,684.0,15.0,29.0,0.04873949579831933,236571.5,30461.0,46356343.0,1502.0,30936.0,0.6052631578947368,-0.1336728813559322,-0.15576458333333332,0.02189999999999999,-0.02130000000000001
2.0,14.0,0.0,0.0,0.0,0.0,27721.0,51273894.0,0.0,0.0,0.0,0.0,0.0,0.0,0.0
3.0,10.0,1.0,1.0,0.125,0.0,25351.0,5984243.0,0.0,0.0,1.0,0.0,0.0,0.0,0.0
6.0,554.0,102.0,26.0,0.10569105691056911,27908.296296296296,25374.0,8417963.0,28317.105263157893,6898926.0,0.656,-0.15337281553398058,-0.18897058823529414,-0.0976513043478261,-0.11454843750000002
4.0,220.0,6.0,15.0,0.08152173913043478,4413.5,42270.0,11240172.0,13151.0,0.0,1.125,-0.009060000000000006,0.07839230769230768,0.0,0.0
3.0,103.0,4.0,27.0,0.4426229508196721,0.0,25789.0,2058271.0,0.0,0.0,0.17142857142857143,-0.368176923076923,-0.368176923076923,0.0,0.0
5.0,54.0,2.0,1.0,0.021739130434782608,46270.8,148212.0,1024460.0,46270.8,79552.0,1.0,-0.022083333333333344,-0.06740000000000002,0.0,0.0
5.0,274.0,14.0,11.0,0.046413502109704644,18012.8,25488.0,4711990.0,883.0,25354.0,0.5,-0.14023461538461537,-0.11463157894736842,-0.3102,-0.2998692307692308
6.0,98.0,14.0,5.0,0.14285714285714285,2992676.1,63411.0,24328223.0,4268763.857142857,689351.0,5.0,0.42469782608695655,0.5051125000000001,0.4882388888888889,0.5013111111111112
3.0,7.0,2.0,1.0,0.25,0.0,235994.0,286788.0,0.0,0.0,3.0,0.40245000000000003,0.40245000000000003,0.0,0.0
5.0,435.0,6.0,8.0,0.019230769230769232,5595.25,25431.0,65801023.0,754.5,0.0,0.4444444444444444,-0.15507499999999996,-0.15631999999999996,-0.24074,-0.24074
4.0,57.0,3.0,6.0,0.13636363636363635,70.0,25357.0,1396374.0,70.0,26783.0,1.3333333333333333,0.08463999999999997,-0.10097500000000002,0.4926,0.4926
4.0,19.0,1.0,1.0,0.0625,233.0,45155.0,18242152.0,233.0,25615.0,2.0,0.0583,0.0,0.0,0.0
6.0,97.0,2.0,4.0,0.045454545454545456,12148.5,68214.0,69387247.0,12148.5,75471.0,0.5,-0.345175,-0.345175,0.0,0.0
3.0,89.0,3.0,5.0,0.06172839506172839,0.0,25263.0,31525956.0,0.0,0.0,1.25,0.09754285714285714,0.09754285714285714,0.0,0.0
6.0,226.0,8.0,24.0,0.15286624203821655,48803.833333333336,32042.0,21713080.0,28352.2,2069145.0,0.6,-0.16556739130434783,-0.16611842105263164,0.77495,0.77495
4.0,196.0,37.0,21.0,0.16535433070866143,81043.0,44813.0,5820853.0,254959.0,63378.0,0.5,-0.16478163265306126,-0.17659318181818184,-0.16163333333333335,-0.15400416666666666
3.0,6.0,1.0,1.0,0.25,0.0,43032.0,395282.0,0.0,73097.0,1.0,0.0164,0.0164,0.0164,0.0164
6.0,101.0,3.0,9.0,0.11392405063291139,189.0,25619.0,49512976.0,155.0,26057.0,1.0,0.06338750000000001,0.17911,0.42667499999999997,0.6778
6.0,502.0,39.0,20.0,0.05291005291005291,21314.625,27257.0,11301226.0,339.8,224629.0,1.457142857142857,0.07252857142857141,0.10178356164383558,0.22605999999999998,0.22605999999999998
5.0,146.0,3.0,12.0,0.09836065573770492,189.0,33357.0,7103897.0,67.0,55315.0,1.8333333333333333,0.21946875000000005,0.27602666666666664,0.28823333333333334,0.7468
6.0,936.0,44.0,55.0,0.0837138508371385,46620.442307692305,33156.0,33526676.0,193207.33333333334,692060.0,3.525,0.35255388888888894,0.3658960264900663,0.0,0.0
6.0,444.0,86.0,11.0,0.04247104247104247,28958.777777777777,66972.0,6179501.0,22822.7,6127095.0,1.078125,0.008138805970149246,-0.031791666666666676,-0.041231645569620244,-0.06132777777777777
6.0,27.0,4.0,4.0,0.4444444444444444,416.2,1436198.0,20516183.0,282.3333333333333,102379.0,1.6,0.08448181818181816,0.0412,-0.019739999999999997,-0.03340000000000001
3.0,280.0,1.0,7.0,0.025735294117647058,0.0,26110.0,134116291.0,0.0,0.0,3.0,0.5799,0.5799,0.0,0.0
3.0,29.0,1.0,1.0,0.037037037037037035,0.0,35233.0,384646.0,0.0,0.0,1.0,0.0,0.0,0.0,0.0
3.0,82.0,1.0,2.0,0.02531645569620253,0.0,139353.0,16979188.0,0.0,0.0,2.0,0.2263,0.2263,0.0,0.0
6.0,383.0,10.0,40.0,0.13513513513513514,4733.1,106940.0,35161636.0,3594.3333333333335,25465.0,0.9032258064516129,0.022063793103448276,0.002644444444444436,0.3387,0.3387
2.0,33.0,0.0,0.0,0.0,0.0,41318.0,3685969.0,0.0,0.0,0.0,0.0,0.0,0.0,0.0
4.0,200.0,2.0,12.0,0.06629834254143646,4926.0,25324.0,20890377.0,3726.0,0.0,2.0,0.1187,0.04321818181818181,0.0,0.0
3.0,33.0,1.0,1.0,0.03225806451612903,0.0,977772.0,2136330.0,0.0,37812.0,1.0,0.0,0.0,0.0,0.0
3.0,17.0,1.0,1.0,0.06666666666666667,0.0,25215.0,4109001.0,0.0,259498.0,2.0,0.3182,0.3182,0.0,0.0
6.0,570.0,1.0,8.0,0.014519056261343012,29236.6,108510.0,88343651.0,2663.6666666666665,26383.0,2.6666666666666665,0.4033555555555555,0.42025,0.0,0.0
6.0,711.0,200.0,4.0,0.042105263157894736,57767.99082568807,90863.0,3891792.0,81242.87735849057,1638433.0,0.7076271186440678,-0.12155798525798528,-0.12010613026819923,-0.10129198113207548,-0.07175939849624062
6.0,879.0,27.0,81.0,0.1323529411764706,5546.791666666667,25277.0,45221545.0,26602.5,741118.0,0.7297297297297297,-0.07260862944162436,-0.105029012345679,-0.5884666666666667,-0.5884666666666667
4.0,623.0,1.0,6.0,0.00975609756097561,58377.0,316400.0,61110196.0,58377.0,147275.0,0.4,-0.2037,-0.13545,0.0,0.0
6.0,1164.0,41.0,63.0,0.06915477497255763,35405.351851851854,28819.0,50530529.0,121707.11111111111,382940.0,0.4392523364485981,-0.21368376623376628,-0.23873032786885245,-0.15061714285714284,-0.235044
5.0,328.0,38.0,13.0,0.05179282868525897,6534.5,8562672.0,31452006.0,1460.3333333333333,673695.0,1.8,0.17749636363636362,0.14107499999999998,0.33824,0.33824
2.0,11.0,0.0,0.0,0.0,0.0,54349.0,1163828.0,0.0,0.0,0.0,0.0,0.0,0.0,0.0
6.0,121.0,6.0,3.0,0.031578947368421054,6607869.0,71071.0,54312623.0,7953484.0,52646038.0,0.08333333333333333,-0.4673454545454545,-0.37642,-0.4407,-0.4407
6.0,537.0,178.0,24.0,0.13714285714285715,75171.61403508772,1846646.0,22602209.0,146571.66666666666,830318.0,1.63,0.15330916030534353,0.17472252252252252,0.19720939597315437,0.20935905511811023
3.0,37.0,1.0,2.0,0.058823529411764705,0.0,25343.0,1676691.0,0.0,279265.0,1.0,-0.12504999999999997,-0.12504999999999997,0.0,0.0
6.0,454.0,105.0,24.0,0.13259668508287292,17704.324324324323,351280.0,14333715.0,17374.666666666668,886726.0,2.508771929824561,0.2799628140703518,0.28834941860465113,0.5187695652173913,0.5590550000000001
3.0,20.0,1.0,1.0,0.05555555555555555,0.0,28824.0,25056670.0,0.0,26867.0,1.0,0.0,0.0,0.0,0.0
3.0,44.0,5.0,2.0,0.05405405405405406,0.0,35078.0,733745.0,0.0,0.0,2.0,0.24222500000000002,0.24222500000000002,0.0,0.0
4.0,81.0,9.0,4.0,0.06666666666666667,304.0,25287.0,6059956.0,304.0,0.0,3.5,0.3706875,0.33324000000000004,0.22593333333333332,0.22593333333333332
6.0,690.0,26.0,30.0,0.0546448087431694,8830.173913043478,36107.0,33762940.0,5090.5,1270180.0,0.4714285714285714,-0.23531666666666665,-0.2440404761904762,-0.30396923076923077,-0.1557
6.0,1701.0,172.0,83.0,0.2832764505119454,95260.18918918919,24579908.0,59069722.0,222.0,0.0,1.930722891566265,0.18599101123595507,0.1872824945295405,0.23095,0.21296470588235294
2.0,27.0,0.0,0.0,0.0,0.0,4413029.0,19440926.0,0.0,0.0,0.0,0.0,0.0,0.0,0.0
6.0,42.0,3.0,3.0,0.09090909090909091,13607.0,25277.0,2383553.0,13607.0,0.0,0.2,-0.5055,-0.483,0.0,0.0
5.0,440.0,5.0,39.0,0.10182767624020887,9169.833333333334,58616.0,95681399.0,818.0,0.0,0.9411764705882353,-0.04350645161290322,-0.03694074074074075,-0.4389,-0.4389
2.0,9.0,0.0,0.0,0.0,0.0,82256.0,297845.0,0.0,0.0,0.0,0.0,0.0,0.0,0.0
6.0,3151.0,178.0,161.0,0.07663017610661589,22242.29961089494,25554.0,98668710.0,30140.5,11542742.0,0.8096676737160121,-0.08521334431630972,-0.08326923076923078,-0.11912352941176471,-0.08280625
6.0,961.0,76.0,54.0,0.07848837209302326,1294177.72,25728.0,30955902.0,87919.44444444444,5642997.0,2.0793650793650795,0.20669218749999999,0.22206553672316384,0.2247923076923077,0.2247923076923077
6.0,128.0,7.0,9.0,0.09278350515463918,8003.333333333333,53933.0,29430129.0,10862.75,3698268.0,2.6666666666666665,0.27244500000000005,0.2614705882352941,0.287725,0.287725
6.0,734.0,9.0,55.0,0.08842443729903537,8795.714285714286,25947.0,50242959.0,21969.0,0.0,0.6086956521739131,-0.11796164383561641,-0.10366034482758621,0.09344,0.09344
6.0,2629.0,167.0,119.0,0.08705193855157278,57499.58214285714,139179836.0,240256789.0,2961.25,60496.0,0.5853211009174312,-0.15958344748858447,-0.17616014598540147,-0.067325,-0.067325
6.0,1204.0,28.0,54.0,0.0509433962264151,6293.322580645161,25560.0,29692668.0,9116.0,41550.0,1.2222222222222223,0.07573775510204081,0.044628205128205124,0.07505,0.0
3.0,36.0,1.0,3.0,0.09375,0.0,38000.0,2491587.0,0.0,143288.0,2.0,0.4019,0.4019,0.4019,0.4019
3.0,7.0,1.0,1.0,0.2,0.0,9917336.0,70538879.0,0.0,8929398.0,1.0,0.0,0.0,0.0,0.0
6.0,153.0,16.0,2.0,0.015503875968992248,376218.6666666667,25503.0,24779176.0,376218.6666666667,61853.0,1.5714285714285714,0.1026777777777778,0.026413333333333327,0.0,0.0
4.0,159.0,3.0,17.0,0.13178294573643412,1975.0,25268.0,44156352.0,1975.0,26615.0,6.0,0.31698947368421054,0.36965555555555557,0.0,0.0
2.0,32.0,0.0,0.0,0.0,0.0,63294.0,438993.0,0.0,73114.0,0.0,0.0,0.0,0.0,0.0
3.0,24.0,1.0,1.0,0.045454545454545456,0.0,229607.0,598218.0,0.0,52441.0,0.5,-0.34,-0.34,0.0,0.0
5.0,330.0,24.0,24.0,0.11822660098522167,38911.913043478264,42808.0,32484910.0,37028.818181818184,606280.0,1.1904761904761905,0.07551428571428571,0.1015056338028169,0.03319629629629629,0.116425
6.0,198.0,5.0,12.0,0.07058823529411765,18689.714285714286,47133.0,18948155.0,41891.0,0.0,0.25,-0.4714722222222222,-0.45785000000000003,0.0,0.0
6.0,486.0,7.0,17.0,0.03794642857142857,461.8888888888889,25226.0,51396038.0,486.125,27447.0,0.7142857142857143,-0.11975909090909088,-0.3046285714285714,-0.38002499999999995,-0.18436666666666665
6.0,2373.0,42.0,172.0,0.09095716552088842,14651.975308641975,47928.0,137263747.0,732.8333333333334,109506.0,1.3014705882352942,0.074239375,0.05972794117647059,-0.09835384615384614,-0.3116555555555556
6.0,200.0,20.0,12.0,0.08955223880597014,18560.923076923078,26142.0,15936692.0,3321.5,728338.0,0.47058823529411764,-0.20638541666666668,-0.24021081081081078,-0.22148823529411762,-0.2735769230769231
6.0,1708.0,8.0,42.0,0.02567237163814181,1485.6153846153845,26224.0,55063265.0,556.6666666666666,156563.0,0.65625,-0.14787647058823533,-0.15285909090909092,0.3612,0.3612
6.0,1400.0,138.0,68.0,0.09054593874833555,18058.55,26255.0,12504528.0,1969.0,0.0,0.6376306620209059,-0.10702866108786611,-0.09939479768786127,-0.19121666666666667,-0.19121666666666667
3.0,50.0,4.0,2.0,0.045454545454545456,0.0,116655.0,31832804.0,0.0,0.0,1.5,0.0679,0.0679,0.0,0.0
6.0,147.0,4.0,9.0,0.07758620689655173,10035.90909090909,25743.0,6779041.0,68.66666666666667,25909.0,1.0909090909090908,0.0020045454545454507,0.08846153846153842,0.0,0.0
5.0,114.0,2.0,12.0,0.12903225806451613,1140.2,28242.0,1742860.0,413.0,82128.0,0.875,0.0026642857142857063,-0.21667,0.2942,0.2942
4.0,88.0,6.0,5.0,0.06756756756756757,2991.6666666666665,38302.0,1165493.0,2991.6666666666665,247264.0,2.0,0.23712,0.0839285714285714,0.17332499999999998,-0.07942000000000005
2.0,2.0,0.0,0.0,0.0,0.0,25279.0,29451.0,0.0,29451.0,0.0,0.0,0.0,0.0,0.0
6.0,223.0,6.0,16.0,0.08743169398907104,12438.615384615385,26321.0,12177074.0,282.0,65154.0,1.3333333333333333,0.11404615384615385,0.07928235294117647,0.0,0.0
3.0,82.0,13.0,6.0,0.10344827586206896,0.0,25303.0,14008103.0,0.0,252656.0,0.5,-0.18980000000000002,-0.18980000000000002,0.9419,0.9419
2.0,13.0,0.0,0.0,0.0,0.0,122085.0,1305697.0,0.0,0.0,0.0,0.0,0.0,0.0,0.0
3.0,51.0,3.0,2.0,0.043478260869565216,0.0,137979707.0,290386095.0,0.0,1775377.0,1.0,-0.21669999999999998,-0.21669999999999998,-0.6597,-0.6597
6.0,207.0,48.0,7.0,0.04895104895104895,1311.125,29798.0,4294527.0,608.5,0.0,0.7894736842105263,-0.11645757575757576,-0.12308620689655173,-0.10893703703703707,-0.09543076923076926
6.0,369.0,58.0,20.0,0.091324200913242,24447.466666666667,52577.0,1499836.0,51971.666666666664,292016.0,0.7924528301886793,-0.09761595744680851,-0.1511736111111111,-0.14585,-0.40142500000000003
5.0,157.0,7.0,12.0,0.09302325581395349,511857.6666666667,31168.0,16847456.0,771.5,26507.0,0.6666666666666666,-0.18691052631578947,-0.1433941176470588,-0.4544333333333333,-0.53365
3.0,105.0,1.0,1.0,0.009708737864077669,0.0,26705.0,20813411.0,0.0,72084.0,0.5,-0.1759,-0.1759,0.0,0.0
3.0,58.0,1.0,3.0,0.05555555555555555,0.0,30056.0,796680.0,0.0,0.0,1.0,-0.2597,-0.2597,0.0,0.0
6.0,660.0,10.0,18.0,0.029654036243822075,994.1875,944943.0,51856247.0,196.66666666666666,0.0,0.7727272727272727,-0.14491081081081078,-0.15835416666666668,-0.06655555555555553,-0.12992499999999998
6.0,202.0,65.0,8.0,0.08080808080808081,7482.739130434783,77136.0,52766707.0,9113.64705882353,62706.0,0.75,-0.09585797101449275,-0.08664545454545455,0.0,0.0
6.0,6777.0,9.0,101.0,0.015363553392150897,57044.142857142855,37535.0,90713639.0,838.125,65559.0,0.7123287671232876,-0.12253149606299213,-0.19334946236559136,-0.7644,-0.7644
9.0,21879.0,187.0,1084.0,0.06187214611872146,28883.90728476821,27266.0,17287963.0,2.5,139698.0,1.1043872919818456,0.015602375044310527,0.0017808823529411758,0.0,0.0
6.0,6760.0,148.0,98.0,0.015548151673806123,53437.45070422535,26485.0,62565271.0,289.0,0.0,1.989795918367347,0.17938986486486488,0.2034446215139442,0.12170000000000002,0.12170000000000002
6.0,1383.0,142.0,91.0,0.1001100110011001,17005.867132867133,454660.0,100437311.0,12634.666666666666,25735.0,0.8120805369127517,-0.06934944649446495,-0.11543096446700507,-0.06140792079207921,-0.09334606741573034
2.0,18.0,0.0,0.0,0.0,0.0,63879.0,2681533.0,0.0,0.0,0.0,0.0,0.0,0.0,0.0
3.0,56.0,6.0,2.0,0.0425531914893617,0.0,117626.0,16193743.0,0.0,3806449.0,0.4,-0.2761,-0.2761,-0.38166666666666665,-0.38166666666666665
3.0,18.0,1.0,1.0,0.0625,0.0,25394.0,9753031.0,0.0,29210.0,1.0,0.0,0.0,0.0,0.0
3.0,4.0,1.0,1.0,0.5,0.0,25304.0,106985.0,0.0,28060.0,0.5,-0.4215,-0.4215,0.0,0.0
6.0,929.0,13.0,53.0,0.0640096618357488,41560.61111111111,25256.0,24833344.0,4804.666666666667,771964.0,0.9,-0.016052702702702707,-0.06775166666666667,0.3182,0.3182
4.0,310.0,13.0,12.0,0.0425531914893617,1113.0,26469.0,42532755.0,1113.0,104826.0,2.0,0.16952000000000003,0.1652842105263158,0.3222900000000001,0.3222900000000001
5.0,1140.0,21.0,66.0,0.06741573033707865,37886.333333333336,26799.0,65145090.0,29633.333333333332,180229.0,1.1346153846153846,0.046587272727272734,0.05637032967032967,0.06644347826086956,0.05636923076923079
5.0,272.0,15.0,18.0,0.08181818181818182,4156.666666666667,25288.0,1265830.0,124.0,1265630.0,0.5789473684210527,-0.10734137931034482,-0.12174642857142856,0.0,0.0
6.0,222.0,3.0,7.0,0.033816425120772944,2217.6666666666665,51594.0,38575663.0,2559.4,0.0,0.14285714285714285,-0.5104166666666666,-0.513825,0.0,0.0
6.0,205.0,2.0,9.0,0.04918032786885246,1063.3,101460.0,41673708.0,1028.0,26070.0,1.4285714285714286,0.14308,-0.20131666666666667,0.0,0.0
3.0,39.0,1.0,3.0,0.08571428571428572,0.0,59176415.0,96937046.0,0.0,0.0,1.0,-0.38275,-0.38275,0.0,0.0
6.0,29.0,2.0,4.0,0.2222222222222222,1181.6666666666667,58561121.0,85887596.0,1181.6666666666667,0.0,1.0,0.16766666666666666,0.35675,0.0,0.0
2.0,9.0,0.0,0.0,0.0,0.0,43459.0,427084.0,0.0,0.0,0.0,0.0,0.0,0.0,0.0
6.0,2021.0,185.0,103.0,0.0927092709270927,8708.879888268157,25285.0,18554351.0,1144.9,29255.0,1.6608695652173913,0.15356138933764135,0.21070820512820512,0.1413592592592593,0.1509291666666667
5.0,213.0,14.0,11.0,0.06077348066298342,14899.25,25322.0,758117.0,10030.333333333334,231447.0,0.3333333333333333,-0.2259818181818182,-0.24799473684210527,-0.14923333333333336,-0.17012222222222223
3.0,156.0,1.0,4.0,0.026490066225165563,0.0,98902.0,17000170.0,0.0,0.0,4.0,0.7666333333333334,0.7666333333333334,0.0,0.0
5.0,355.0,8.0,25.0,0.08143322475570032,9559.5,27848.0,27140422.0,337.5,25851.0,1.4705882352941178,0.0888475,0.10393333333333332,0.1027,0.1027
5.0,68.0,10.0,5.0,0.125,3591765.5555555555,79272.0,6573188.0,757.5,37577.0,0.6666666666666666,-0.11611111111111112,-0.1819833333333333,-0.05306999999999999,-0.008485714285714287
6.0,325.0,51.0,11.0,0.06748466257668712,20249.08,36466.0,21579715.0,20870.272727272728,129584.0,1.0,0.01776176470588235,0.031247191011235957,0.15388387096774192,0.14501666666666665
6.0,431.0,8.0,24.0,0.0633245382585752,21983.375,1640957.0,18652780.0,5248.25,56489.0,2.1,0.27292758620689656,0.34799199999999997,0.8995,0.8995
5.0,9.0,1.0,2.0,0.5,88.5,176160.0,202334.0,88.5,0.0,1.0,0.03579999999999999,-0.04745000000000002,0.3818,0.3818
6.0,66.0,2.0,5.0,0.09803921568627451,15519.25,124261.0,1678358.0,257.0,0.0,2.6666666666666665,0.3383,-0.16876666666666665,0.0,0.0
6.0,1599.0,72.0,75.0,0.071360608943863,23938.330578512396,25355.0,9392619.0,13999.823529411764,93863.0,2.2818181818181817,0.26762900552486185,0.30334817518248175,0.24932666666666667,0.2371285714285714
4.0,57.0,2.0,5.0,0.10204081632653061,913.0,76881.0,531167.0,913.0,0.0,1.0,-0.06765,-0.06765,-0.4939,-0.4939
5.0,380.0,23.0,30.0,0.11152416356877323,21342.6,99773.0,5153765.0,729.6666666666666,151359.0,0.5384615384615384,-0.16411923076923077,-0.13127464788732393,-0.13656470588235292,-0.09686874999999998
3.0,46.0,1.0,3.0,0.07142857142857142,0.0,31481.0,35958627.0,0.0,0.0,2.0,0.6588,0.6588,0.0,0.0
6.0,1028.0,134.0,62.0,0.1054421768707483,31954.363636363636,61923.0,2889307.0,36561.8,372729.0,0.7764705882352941,-0.08110365448504983,-0.06792274881516588,-0.03426000000000003,-0.13885000000000003
5.0,119.0,10.0,16.0,0.43243243243243246,13055.6,195799.0,1354737.0,6795.666666666667,70559.0,0.43243243243243246,-0.22382307692307696,-0.26945,-0.0407888888888889,-0.05044285714285716
6.0,551.0,41.0,32.0,0.1103448275862069,19220.59493670886,26142.0,62600548.0,14016.125,564141.0,1.1176470588235294,0.04198472222222223,0.06971153846153845,0.056299999999999996,0.08231785714285712
3.0,662.0,1.0,6.0,0.00916030534351145,0.0,2667598.0,41065977.0,0.0,0.0,0.75,-0.08204,-0.08204,0.0,0.0
3.0,16.0,1.0,2.0,0.15384615384615385,0.0,1127289.0,1128353.0,0.0,26541.0,1.0,-0.027600000000000013,-0.027600000000000013,0.4215,0.4215
3.0,72.0,1.0,1.0,0.014285714285714285,0.0,70385.0,5056354.0,0.0,0.0,1.0,0.0,0.0,0.0,0.0
2.0,10.0,0.0,0.0,0.0,0.0,103252348.0,118912092.0,0.0,0.0,0.0,0.0,0.0,0.0,0.0
2.0,55.0,0.0,0.0,0.0,0.0,39151544.0,91240938.0,0.0,0.0,0.0,0.0,0.0,0.0,0.0
6.0,1318.0,36.0,63.0,0.058768656716417914,6335.861538461539,31519.0,202800372.0,86.5,0.0,0.6271186440677966,-0.16913645833333332,-0.17680972222222222,-0.52955,-0.52955
6.0,928.0,20.0,51.0,0.0747800586510264,17318.659574468085,25432.0,69229689.0,298.6363636363636,730221.0,0.5423728813559322,-0.2121891304347826,-0.24783571428571424,0.5794,0.4404
6.0,2201.0,21.0,166.0,0.10146699266503667,9341.317073170732,314249.0,45024221.0,1340.6666666666667,0.0,2.0338983050847457,0.19868701657458565,0.2002955390334573,0.0,0.0
6.0,2149.0,140.0,139.0,0.13654223968565815,16651.93536121673,118626.0,30158424.0,377.0,0.0,1.3941605839416058,0.09974234234234233,0.1061746062992126,0.29196666666666665,0.5256
3.0,763.0,7.0,6.0,0.00801068090787717,0.0,53359828.0,300009037.0,0.0,0.0,2.0,0.18068571428571428,0.18068571428571428,0.0,0.0
6.0,3196.0,169.0,183.0,0.08173291648057168,14271.109289617487,147263.0,85395452.0,30.0,0.0,1.176056338028169,0.049539871382636644,0.05271219999999999,0.011481818181818178,0.05850999999999999
3.0,38.0,5.0,3.0,0.1,0.0,27555.0,62022554.0,0.0,26152.0,0.75,-0.28102,-0.28102,-0.08500000000000002,-0.08500000000000002
6.0,1498.0,31.0,104.0,0.10097087378640776,12468.686956521738,30360.0,267174898.0,1889.857142857143,25468994.0,1.2831858407079646,0.08123498098859315,0.048277450980392156,0.4053333333333333,0.4053333333333333
4.0,333.0,3.0,8.0,0.024922118380062305,5199796.0,84780628.0,321894899.0,5199796.0,42104.0,1.0,0.070325,0.070325,0.0,0.0
3.0,77.0,1.0,1.0,0.013333333333333334,0.0,25578.0,4059493.0,0.0,26065.0,0.5,-0.25,-0.25,0.0,0.0
3.0,83.0,3.0,4.0,0.05263157894736842,0.0,29406.0,17793375.0,0.0,26585.0,1.3333333333333333,0.14616,0.14616,0.0,0.0
2.0,8.0,0.0,0.0,0.0,0.0,25951.0,362283.0,0.0,25951.0,0.0,0.0,0.0,0.0,0.0
3.0,18.0,2.0,1.0,0.06666666666666667,0.0,115635.0,202351.0,0.0,25465.0,0.5,-0.1531,-0.1531,-0.1531,-0.1531
2.0,16.0,0.0,0.0,0.0,0.0,66458.0,61189036.0,0.0,0.0,0.0,0.0,0.0,0.0,0.0
2.0,31.0,0.0,0.0,0.0,0.0,25396.0,16940293.0,0.0,0.0,0.0,0.0,0.0,0.0,0.0
6.0,188.0,6.0,23.0,0.1678832116788321,9483.666666666666,27822.0,262916417.0,2914.3333333333335,0.0,2.5454545454545454,0.3044684210526316,0.3513545454545455,0.0,0.0
3.0,307.0,7.0,8.0,0.028070175438596492,0.0,21452739.0,302033782.0,0.0,43555.0,1.8333333333333333,0.09216470588235293,0.09216470588235293,0.6249,0.6249
6.0,1168.0,29.0,44.0,0.043824701195219126,1712.875,36742.0,74661863.0,386.0,136518.0,1.84375,0.18722333333333335,0.1617302631578947,0.1656625,0.1656625
6.0,151.0,14.0,13.0,0.14772727272727273,5369.653846153846,127452963.0,319333899.0,3235.4,25284.0,0.7142857142857143,-0.022486956521739144,-0.065596,0.21554545454545454,0.1166625
2.0,76.0,0.0,0.0,0.0,0.0,25453.0,2704803.0,0.0,105318.0,0.0,0.0,0.0,0.0,0.0
2.0,39.0,0.0,0.0,0.0,0.0,60595657.0,250038535.0,0.0,0.0,0.0,0.0,0.0,0.0,0.0
3.0,23.0,1.0,1.0,0.047619047619047616,0.0,56497170.0,265460655.0,0.0,0.0,2.0,0.4843,0.4843,0.0,0.0
3.0,126.0,2.0,1.0,0.008130081300813009,0.0,50496935.0,255786897.0,0.0,0.0,2.0,0.7476,0.7476,0.0,0.0
6.0,59.0,13.0,5.0,0.16666666666666666,19614.125,77907619.0,88803150.0,24.333333333333332,35090.0,0.8333333333333334,-0.11706000000000001,-0.040786666666666666,0.004166666666666666,0.04119090909090909
7.0,9171.0,100.0,578.0,0.09265790317409427,33910.78727272727,39243.0,19272228.0,0.0,3041960.0,0.8227488151658767,-0.0776593861892583,-0.08779750208159866,0.0,0.0
6.0,592.0,2.0,17.0,0.03019538188277087,6157.0,115096.0,257903310.0,6107.0,0.0,4.333333333333333,0.41105,0.4934,0.0,0.0
6.0,52.0,1.0,2.0,0.046511627906976744,162.33333333333334,30008239.0,275440328.0,1.0,51212.0,3.5,0.3693,0.13465,0.0,0.0
6.0,1183.0,14.0,57.0,0.0556640625,4034.282608695652,26053.0,62936603.0,267.25,0.0,0.6166666666666667,-0.1441421052631579,-0.15068918918918922,0.0,0.0
2.0,31.0,0.0,0.0,0.0,0.0,112927308.0,233472376.0,0.0,0.0,0.0,0.0,0.0,0.0,0.0
3.0,25.0,4.0,3.0,0.16666666666666666,0.0,25312.0,549276.0,0.0,25632.0,0.14285714285714285,-0.4456166666666666,-0.4456166666666666,-0.6705,-0.6705
2.0,2.0,0.0,0.0,0.0,0.0,25588.0,25588.0,0.0,25588.0,0.0,0.0,0.0,0.0,0.0
6.0,50.0,3.0,3.0,0.07894736842105263,110.25,26472.0,124223621.0,110.25,25783.0,0.7142857142857143,-0.14875999999999998,-0.25675714285714285,0.0,0.0
6.0,309.0,107.0,5.0,0.028901734104046242,23331.666666666668,521086.0,97865927.0,25418.590909090908,1131707.0,0.8727272727272727,-0.060722772277227714,-0.05145454545454544,-0.051297959183673456,-0.0534828947368421
6.0,1000.0,12.0,31.0,0.034292035398230086,2545.3947368421054,90818985.0,359014235.0,1534.6666666666667,0.0,0.5142857142857142,-0.17803269230769228,-0.18594062500000003,-0.07349999999999997,-0.07349999999999997
10.0,2120.0,113.0,248.0,0.25593395252837975,7726.724637681159,25909.0,277925.0,13065.640211640211,156384.0,0.8711217183770883,-0.0509987452948557,-0.03760641025641025,-0.15079585253456224,-0.05665641025641028
6.0,3498.0,201.0,196.0,0.12727272727272726,15846.072527472528,274340.0,153583122.0,324.0,26667.0,0.8205128205128205,-0.06285109329446063,-0.07794310018903591,0.08416666666666668,0.08416666666666668
6.0,48.0,27.0,1.0,0.2,34452.13333333333,25296.0,14555802.0,34452.13333333333,2290922.0,0.9375,-0.021056666666666654,-0.16519444444444442,-0.021056666666666654,-0.16519444444444442
6.0,1415.0,180.0,33.0,0.0765661252900232,36263.537142857145,12841314.0,76275938.0,3980.217391304348,3830342.0,2.2289156626506026,0.23722228360957642,0.23914690265486727,0.3458333333333334,0.46740000000000004
3.0,52.0,21.0,2.0,0.07407407407407407,0.0,28951504.0,139510367.0,0.0,25750.0,10.0,0.635895,0.635895,0.34,0.34
2.0,17.0,0.0,0.0,0.0,0.0,25218.0,337710.0,0.0,0.0,0.0,0.0,0.0,0.0,0.0
2.0,46.0,0.0,0.0,0.0,0.0,63707.0,37764321.0,0.0,0.0,0.0,0.0,0.0,0.0,0.0
6.0,23.0,3.0,2.0,0.13333333333333333,18742.0,95809336.0,285083494.0,18742.0,104692.0,5.0,0.5657,0.4961,0.0,0.0
6.0,119.0,4.0,9.0,0.09574468085106383,669.3333333333334,25219.0,64129664.0,545.25,0.0,0.5,-0.17164374999999998,-0.1638222222222222,-0.50905,-0.50905
6.0,2333.0,173.0,155.0,0.1607883817427386,26515.67671232877,51439402.0,67949674.0,39508.0,0.0,1.49746192893401,0.13279558232931726,0.15208508891928865,-0.4362,-0.4779
3.0,20.0,5.0,2.0,0.16666666666666666,0.0,25498.0,163672.0,0.0,75158.0,0.4,-0.41622000000000003,-0.41622000000000003,0.16445,0.16445
4.0,171.0,7.0,8.0,0.0547945205479452,2607.5,25466.0,42631291.0,5107.0,76802.0,1.1,0.0690421052631579,0.052811111111111114,0.10355714285714286,0.06061666666666666
2.0,39.0,0.0,0.0,0.0,0.0,60595657.0,250038535.0,0.0,0.0,0.0,0.0,0.0,0.0,0.0
2.0,56.0,0.0,0.0,0.0,0.0,46344.0,241734.0,0.0,0.0,0.0,0.0,0.0,0.0,0.0
2.0,9.0,0.0,0.0,0.0,0.0,211219513.0,228841682.0,0.0,0.0,0.0,0.0,0.0,0.0,0.0
6.0,1628.0,15.0,60.0,0.04240282685512368,13053.176470588236,54023516.0,333467989.0,43853.833333333336,100377.0,1.6470588235294117,0.16868955223880597,0.12622555555555554,0.0,0.0
6.0,1063.0,3.0,20.0,0.01951219512195122,402.4,36328.0,151733096.0,240.6,0.0,1.7777777777777777,0.24589999999999995,0.3614916666666667,0.0,0.0
2.0,3.0,0.0,0.0,0.0,0.0,25364.0,11590083.0,0.0,25364.0,0.0,0.0,0.0,0.0,0.0
6.0,1442.0,58.0,78.0,0.07647058823529412,17899.89719626168,26719.0,12884299.0,5548.25,28292.0,1.25,0.07607302158273382,0.10039182692307692,0.07903333333333333,0.07903333333333333
5.0,179.0,4.0,12.0,0.07792207792207792,4091.3333333333335,5685264.0,290758836.0,27.5,2591393.0,2.25,0.2158090909090909,0.26921,0.691,0.691
3.0,26.0,3.0,1.0,0.045454545454545456,0.0,58855.0,843228.0,0.0,641503.0,2.0,0.5719,0.5719,0.5719,0.5719
2.0,26.0,0.0,0.0,0.0,0.0,27454.0,135455.0,0.0,25286.0,0.0,0.0,0.0,0.0,0.0
5.0,487.0,2.0,7.0,0.014767932489451477,249557.33333333334,63111107.0,316502644.0,65.5,0.0,1.5,0.11991249999999999,0.11241666666666666,0.0,0.0
6.0,2633.0,191.0,110.0,0.08654602675059009,21190.10704225352,64770288.0,339440383.0,33794.5,472390.0,1.07012987012987,0.015463118811881183,0.011517574692442882,-0.03515217391304348,-0.05861882352941177
5.0,64.0,2.0,3.0,0.05454545454545454,228.0,25228.0,5450479.0,228.0,25717.0,3.0,0.25101666666666667,0.13683333333333333,0.3159,0.168
6.0,3363.0,64.0,61.0,0.020969405293915434,35846.97643097643,47425915.0,328905424.0,156.5,0.0,0.5634517766497462,-0.21263935483870966,-0.25557549019607845,0.11383333333333334,-0.049449999999999994
6.0,1914.0,5.0,61.0,0.03425042111173498,9173.022727272728,304630.0,188749461.0,31718.333333333332,73243.0,2.142857142857143,0.22266162790697672,0.2647903846153846,0.59,0.59
6.0,693.0,20.0,12.0,0.018808777429467086,1743.3,2148819.0,55165311.0,2445.714285714286,123852.0,0.782608695652174,-0.04814102564102564,-0.05877999999999999,0.14835000000000004,0.14835000000000004
2.0,5.0,0.0,0.0,0.0,0.0,20473585.0,20473585.0,0.0,28354.0,0.0,0.0,0.0,0.0,0.0
6.0,595.0,140.0,12.0,0.19672131147540983,10406.619047619048,52118278.0,122840913.0,10207.09090909091,411697.0,0.9314285714285714,-0.029915942028985502,-0.009667953667953663,-0.07658554216867469,-0.04610655737704918
6.0,238.0,2.0,8.0,0.036036036036036036,197.57142857142858,82803011.0,357591427.0,194.0,0.0,2.25,0.23706363636363637,0.13348,0.0,0.0
6.0,3454.0,73.0,211.0,0.08261550509005482,14212.798816568047,28302.0,56226610.0,21589.625,0.0,0.7627627627627628,-0.0809325503355705,-0.11992442105263157,0.0,0.0
3.0,50.0,1.0,2.0,0.0425531914893617,0.0,948270.0,9606783.0,0.0,131763.0,3.0,0.44045,0.44045,0.4215,0.4215
4.0,21.0,3.0,1.0,0.0625,233.0,0.0,31726657.0,233.0,0.0,4.0,0.4617,0.47235000000000005,0.0,0.0
6.0,1532.0,103.0,62.0,0.06739130434782609,85328.9588235294,103554057.0,337843373.0,26526.5,0.0,1.2303030303030302,0.04936954177897574,0.05412142857142858,0.45153333333333334,0.45153333333333334
6.0,160.0,90.0,4.0,0.4,4456.741935483871,25389.0,240543.0,5090.115384615385,192141.0,0.8360655737704918,-0.07122727272727272,-0.13975783132530117,-0.02672,-0.07543333333333332
6.0,323.0,12.0,21.0,0.08267716535433071,1337.5714285714287,41336291.0,320113206.0,304.0,0.0,1.25,0.07700943396226417,0.04976458333333334,0.5340750000000001,0.5340750000000001
2.0,4.0,0.0,0.0,0.0,0.0,6119732.0,52348167.0,0.0,0.0,0.0,0.0,0.0,0.0,0.0
6.0,95.0,3.0,11.0,0.16923076923076924,4191.375,35493502.0,175589896.0,306.75,190017.0,1.0,0.07781999999999999,0.09855555555555556,0.21332500000000001,0.0
3.0,224.0,5.0,1.0,0.0045871559633027525,0.0,25874.0,107388361.0,0.0,107387760.0,2.0,0.1557,0.1557,0.1557,0.1557
6.0,26.0,4.0,4.0,0.5,751.3076923076923,209723571.0,264191761.0,444.0,25549.0,4.0,0.28233846153846154,0.4339666666666666,0.0,0.0
6.0,4441.0,177.0,181.0,0.07482430756510955,77307.875,25316.0,56486453.0,33223.333333333336,277260.0,1.515828677839851,0.1345934402332362,0.1567940108892922,0.0,0.0
2.0,18.0,0.0,0.0,0.0,0.0,25887.0,240252162.0,0.0,0.0,0.0,0.0,0.0,0.0,0.0
6.0,104.0,13.0,10.0,0.2127659574468085,1675.7777777777778,90009925.0,256322651.0,4118.666666666667,0.0,0.4782608695652174,-0.28786562499999996,-0.2416863636363636,0.0,0.0
6.0,1801.0,198.0,131.0,0.12944664031620554,3833.84375,28120.0,383652.0,164.75,0.0,2.4748201438848922,0.24592648870636552,0.2744388020833333,0.0,0.0
6.0,1175.0,199.0,39.0,0.059001512859304085,8368.228571428572,97675160.0,354176168.0,39374.5,61019.0,2.0851063829787235,0.22998741496598638,0.2476152542372882,0.6768,0.6912550000000001
5.0,1625.0,15.0,24.0,0.015727391874180863,22704.0,71244.0,98579046.0,16434.333333333332,0.0,1.2916666666666667,-0.002684905660377379,0.035485999999999976,0.004166666666666666,0.04119090909090909
6.0,334.0,14.0,19.0,0.07723577235772358,3567.0,25275.0,108389154.0,2283.9285714285716,0.0,1.0666666666666667,-0.03932666666666667,0.02639393939393939,0.08095999999999999,0.05013333333333333
7.0,1458.0,26.0,74.0,0.060556464811783964,5865.74,2260298.0,75586287.0,800.6666666666666,873.0,1.2027027027027026,0.04225828220858895,0.08583307692307693,0.0,0.0
4.0,6.0,1.0,1.0,0.3333333333333333,173.0,0.0,319565208.0,173.0,0.0,1.0,0.05685000000000001,0.34,0.05685000000000001,0.34
2.0,3.0,0.0,0.0,0.0,0.0,372338.0,19866374.0,0.0,0.0,0.0,0.0,0.0,0.0,0.0
2.0,23.0,0.0,0.0,0.0,0.0,105122058.0,194181769.0,0.0,26443.0,0.0,0.0,0.0,0.0,0.0
6.0,176.0,26.0,16.0,0.16,4404.7,129072348.0,256973788.0,2839.1666666666665,47936.0,1.4761904761904763,0.1261137254901961,0.17711136363636362,0.3314476190476191,0.29921500000000006
6.0,351.0,26.0,29.0,0.12184873949579832,14308.677419354839,214222869.0,302821141.0,17719.0,0.0,1.4375,0.15558589743589743,0.02656216216216217,0.31742916666666665,-0.054349999999999954
3.0,95.0,2.0,2.0,0.02197802197802198,0.0,25308.0,2955418.0,0.0,33249.0,3.0,0.6011,0.6011,0.0,0.0
3.0,40.0,1.0,1.0,0.02631578947368421,0.0,0.0,5586406.0,0.0,0.0,2.0,0.4329,0.4329,0.0,0.0
2.0,2.0,0.0,0.0,0.0,0.0,25334.0,25377.0,0.0,25377.0,0.0,0.0,0.0,0.0,0.0
3.0,25.0,2.0,2.0,0.09523809523809523,0.0,27625.0,4852613.0,0.0,27870.0,1.0,-0.24724999999999997,-0.24724999999999997,-0.9349,-0.9349
7.0,3068.0,84.0,181.0,0.07436318816762531,40879.729651162794,80915.0,46904318.0,0.0,1.0,1.1422222222222222,0.03531198347107438,0.07467038834951455,0.0,0.0
4.0,138.0,8.0,5.0,0.04065040650406504,0.0,66136.0,37092975.0,0.0,0.0,0.75,-0.33046,-0.33046,0.0,0.0
6.0,10.0,2.0,2.0,1.0,5475.5,25347.0,5350656.0,1.0,52496.0,5.0,0.44166,0.6453333333333333,0.45855,0.6908
6.0,1401.0,12.0,28.0,0.021341463414634148,11012.805555555555,24982427.0,290819320.0,16308.0,501160.0,1.25,0.04140483870967742,0.08560303030303032,0.11299285714285719,0.022700000000000036
2.0,14.0,0.0,0.0,0.0,0.0,28917.0,64889.0,0.0,0.0,0.0,0.0,0.0,0.0,0.0
2.0,14.0,0.0,0.0,0.0,0.0,25732.0,17781328.0,0.0,0.0,0.0,0.0,0.0,0.0,0.0
6.0,464.0,61.0,18.0,0.05325443786982249,18594.884615384617,25234.0,108218532.0,145.66666666666666,100093.0,1.5862068965517242,0.11160675675675677,0.10993220338983051,0.12603617021276592,0.1672236842105263
3.0,32.0,2.0,1.0,0.034482758620689655,0.0,1130111.0,240827886.0,0.0,29120.0,1.0,-0.17875000000000002,-0.17875000000000002,0.0,0.0
9.0,4565.0,210.0,335.0,0.12115732368896925,20748.283050847458,366226.0,17351565.0,147.28571428571428,0.0,0.5453333333333333,-0.21491070518266778,-0.2299853562005277,-0.49743571428571426,-0.4809999999999999
4.0,17.0,1.0,1.0,0.07142857142857142,100.0,163437936.0,163440604.0,100.0,27960.0,2.0,0.6947,0.6947,0.6947,0.6947
6.0,201.0,57.0,11.0,0.2,28383.166666666668,54091250.0,276103194.0,20542.333333333332,29282.0,1.8823529411764706,0.16432755102040816,0.16517283950617287,-0.12157272727272726,-0.12157272727272726
3.0,22.0,1.0,1.0,0.05,0.0,199571134.0,199650487.0,0.0,0.0,2.0,0.4939,0.4939,0.0,0.0
6.0,603.0,21.0,16.0,0.030534351145038167,8248.25925925926,27921.0,98691315.0,9166.714285714286,55537.0,0.9655172413793104,0.026863636363636367,-0.11539117647058825,-0.5904,-0.5904
2.0,38.0,0.0,0.0,0.0,0.0,22344686.0,177927020.0,0.0,0.0,0.0,0.0,0.0,0.0,0.0
2.0,105.0,0.0,0.0,0.0,0.0,194540060.0,215686040.0,0.0,0.0,0.0,0.0,0.0,0.0,0.0
6.0,16167.0,201.0,551.0,0.14081267569639663,33851.24882629108,25209.0,19132427.0,19656.333333333332,592865.0,1.0222989116007433,-0.0019692705638903276,-0.013035381718589525,0.015208333333333301,-0.19938333333333336
6.0,23.0,3.0,2.0,0.13333333333333333,18742.0,95809336.0,285083494.0,18742.0,104692.0,5.0,0.5657,0.4961,0.0,0.0
2.0,24.0,0.0,0.0,0.0,0.0,261930563.0,261963369.0,0.0,0.0,0.0,0.0,0.0,0.0,0.0
2.0,15.0,0.0,0.0,0.0,0.0,114073072.0,143681392.0,0.0,0.0,0.0,0.0,0.0,0.0,0.0
6.0,116.0,3.0,9.0,0.09473684210526316,359.77777777777777,25358.0,86947527.0,138.0,0.0,1.5714285714285714,0.13125625,-0.027162500000000006,0.45985,0.45985
3.0,268.0,4.0,1.0,0.0038022813688212928,0.0,25924.0,38973193.0,0.0,998441.0,3.0,0.4746,0.4746,0.0,0.0
3.0,34.0,2.0,2.0,0.06666666666666667,0.0,100577.0,34837128.0,0.0,557428.0,1.0,0.0,0.0,0.0,0.0
9.0,1677.0,36.0,104.0,0.08074534161490683,24227.941860465115,67305536.0,80968842.0,0.75,0.0,1.7701149425287357,0.15848196721311478,0.1363007462686567,0.010073333333333346,-0.056830769230769226
6.0,1410.0,13.0,75.0,0.06152584085315833,15981.55,404993.0,200543696.0,256.6666666666667,118916.0,3.1666666666666665,0.31327199999999994,0.2822694736842105,0.0,0.0
6.0,227.0,18.0,11.0,0.06666666666666667,2951.862068965517,25350.0,22604000.0,3034.5555555555557,151545.0,0.7,-0.056903999999999996,-0.08286000000000002,0.5859,0.5859
3.0,37.0,1.0,1.0,0.02857142857142857,0.0,232329.0,34180440.0,0.0,25307.0,0.5,-0.5859,-0.5859,0.0,0.0
6.0,1615.0,25.0,29.0,0.01881894873458793,48788.28571428572,50683.0,193413650.0,657.4,27065.0,1.6111111111111112,0.10861304347826085,0.12807105263157897,0.18900000000000003,0.18900000000000003
6.0,277.0,23.0,9.0,0.03982300884955752,8293.90909090909,86132010.0,340609781.0,11344.0,125196.0,0.782608695652174,-0.08291794871794873,-0.12162,-0.04912000000000001,-0.1254684210526316
6.0,97.0,18.0,4.0,0.06060606060606061,22848.0,26894.0,55698644.0,22848.0,1021075.0,1.0769230769230769,-0.039836,-0.08718235294117647,-0.08347272727272728,-0.1659
6.0,866.0,15.0,43.0,0.06099290780141844,12277.018518518518,82594992.0,342818074.0,5175.0,0.0,1.6829268292682926,0.14054122807017547,0.10174931506849315,0.0,0.0
2.0,2.0,0.0,0.0,0.0,0.0,25450.0,2283990.0,0.0,2283990.0,0.0,0.0,0.0,0.0,0.0
4.0,154.0,8.0,7.0,0.050724637681159424,168.0,25208.0,1229137.0,168.0,51340.0,0.75,-0.00419999999999999,-0.00419999999999999,-0.09956666666666665,-0.09956666666666665
4.0,60.0,1.0,3.0,0.05454545454545454,310.0,85743195.0,289135828.0,310.0,313145.0,0.25,-0.7626333333333334,-0.76145,0.0,0.0
2.0,43.0,0.0,0.0,0.0,0.0,71727282.0,229298812.0,0.0,0.0,0.0,0.0,0.0,0.0,0.0
2.0,16.0,0.0,0.0,0.0,0.0,26160.0,27605954.0,0.0,26160.0,0.0,0.0,0.0,0.0,0.0
2.0,7.0,0.0,0.0,0.0,0.0,3077640.0,123245679.0,0.0,25283.0,0.0,0.0,0.0,0.0,0.0
4.0,22.0,7.0,1.0,0.07692307692307693,1167.0,25355.0,335860.0,1167.0,119988.0,1.0,0.0349,-0.098575,0.0349,-0.098575
2.0,67.0,0.0,0.0,0.0,0.0,31935.0,1765494.0,0.0,0.0,0.0,0.0,0.0,0.0,0.0
2.0,5.0,0.0,0.0,0.0,0.0,250217115.0,284499531.0,0.0,0.0,0.0,0.0,0.0,0.0,0.0
2.0,12.0,0.0,0.0,0.0,0.0,124250522.0,244297886.0,0.0,0.0,0.0,0.0,0.0,0.0,0.0
3.0,3.0,1.0,1.0,1.0,0.0,25305.0,561389.0,0.0,561389.0,2.0,0.2942,0.2942,0.2942,0.2942
3.0,111.0,2.0,1.0,0.009259259259259259,0.0,27088.0,224252656.0,0.0,55991.0,3.0,0.6081000000000001,0.6081000000000001,0.6081000000000001,0.6081000000000001
9.0,18375.0,196.0,1162.0,0.12234154558854496,22358.42985457656,26299.0,16908282.0,5099.096774193548,383887.0,1.2741809672386895,0.0665171848597499,0.06877612009237875,-0.25584615384615383,-0.24144000000000004
6.0,644.0,13.0,21.0,0.03620689655172414,11252.42857142857,43846.0,88801987.0,24.333333333333332,35090.0,0.95,0.011327027027027032,0.11176785714285713,0.004166666666666666,0.04119090909090909
6.0,2800.0,143.0,125.0,0.06894649751792609,15302.20979020979,60663146.0,342029981.0,9210.5,11854723.0,1.4586206896551723,0.11469750346740638,0.13263001605136437,0.38544761904761904,0.35915263157894745
2.0,2.0,0.0,0.0,0.0,0.0,40369.0,40369.0,0.0,40369.0,0.0,0.0,0.0,0.0,0.0
4.0,586.0,24.0,15.0,0.027726432532347505,125350.0,126343005.0,313543169.0,250333.0,0.0,1.0769230769230769,-0.08828400000000002,-0.0982086956521739,0.6369,0.6369
2.0,122.0,0.0,0.0,0.0,0.0,148264259.0,294293453.0,0.0,0.0,0.0,0.0,0.0,0.0,0.0
4.0,774.0,9.0,16.0,0.021505376344086023,53357.0,120441335.0,357610803.0,53357.0,77060.0,1.625,0.09268421052631577,0.09268421052631577,0.0,0.0
3.0,30.0,7.0,2.0,0.09523809523809523,0.0,124103543.0,278066769.0,0.0,160715.0,1.0,0.1981,0.1981,0.0,0.0
4.0,156.0,5.0,9.0,0.0661764705882353,13071.0,11826039.0,82938039.0,13071.0,185355.0,2.3333333333333335,0.1711625,0.12524285714285716,-0.11349999999999999,-0.11349999999999999
6.0,1342.0,119.0,47.0,0.05535924617196702,5930.422764227642,63447926.0,338123889.0,480.0,25748.0,1.393939393939394,0.07523031250000001,0.06297510204081634,0.10450747663551402,0.06854249999999999
6.0,2042.0,13.0,105.0,0.061367621274108705,5620.8674698795185,26457.0,209847287.0,1087.25,25639.0,1.4333333333333333,0.07447162162162163,0.09867884615384614,0.0,0.0
6.0,54.0,2.0,1.0,0.020833333333333332,95.25,25408.0,83114533.0,95.25,0.0,0.6666666666666666,-0.31656666666666666,-0.8858,0.0,0.0
6.0,893.0,66.0,48.0,0.08261617900172118,46947.555555555555,60049913.0,331938262.0,98995.0,2063719.0,1.434782608695652,0.1290134529147982,0.17535371428571425,-0.441,-0.4321
3.0,272.0,4.0,5.0,0.019011406844106463,0.0,63202516.0,286971616.0,0.0,63120.0,1.6666666666666667,0.23545000000000002,0.23545000000000002,-0.15496666666666667,-0.15496666666666667
6.0,63.0,27.0,4.0,0.3333333333333333,30427.41176470588,9851419.0,34073236.0,34452.13333333333,2290922.0,0.85,-0.051858333333333326,-0.17536249999999998,-0.021056666666666654,-0.16519444444444442
7.0,1585.0,63.0,135.0,0.1358148893360161,15670.629921259842,215498982.0,338732535.0,28165.625,33896.0,0.893719806763285,-0.05796331658291458,-0.072444406779661,0.1137230769230769,0.11533999999999997
3.0,41.0,3.0,1.0,0.02702702702702703,0.0,233484128.0,235290694.0,0.0,26646.0,3.0,0.51685,0.51685,0.51685,0.51685
3.0,10.0,2.0,1.0,0.14285714285714285,0.0,115635.0,120124.0,0.0,25465.0,0.5,-0.1531,-0.1531,-0.1531,-0.1531
4.0,30.0,21.0,2.0,0.5,7330.0,147750563.0,153814564.0,7330.0,49509.0,0.8888888888888888,-0.08950625000000001,-0.14312857142857144,-0.08950625000000001,-0.14312857142857144
8.0,9145.0,177.0,604.0,0.10009943652635069,26682.06186612576,153473.0,21064788.0,20156.636363636364,110203.0,1.7156208277703604,0.16297078269324258,0.1710125730994152,0.3432848484848484,0.3883263157894737
3.0,124.0,1.0,2.0,0.01652892561983471,0.0,164877312.0,320930019.0,0.0,0.0,1.0,0.09135000000000004,0.09135000000000004,0.0,0.0
2.0,44.0,0.0,0.0,0.0,0.0,25320.0,207368.0,0.0,26000.0,0.0,0.0,0.0,0.0,0.0
6.0,520.0,39.0,24.0,0.0781758957654723,7575.959183673469,46022970.0,322304782.0,7777.375,70590.0,1.208955223880597,0.0765,0.08786936936936936,0.5374,0.5374
2.0,5.0,0.0,0.0,0.0,0.0,26625.0,88629.0,0.0,0.0,0.0,0.0,0.0,0.0,0.0
6.0,10.0,2.0,1.0,0.25,249.25,0.0,146319706.0,249.25,0.0,0.2,-0.46347499999999997,-0.5423,0.0,0.0
6.0,6.0,1.0,1.0,1.0,0.3333333333333333,0.0,0.0,0.3333333333333333,0.0,1.5,0.40149999999999997,0.8519,0.40149999999999997,0.8519
2.0,9.0,0.0,0.0,0.0,0.0,7990117.0,49398641.0,0.0,0.0,0.0,0.0,0.0,0.0,0.0
3.0,54.0,1.0,2.0,0.0392156862745098,0.0,213842201.0,320779638.0,0.0,0.0,2.0,0.5994,0.5994,0.0,0.0
6.0,1658.0,86.0,133.0,0.13129318854886476,31257.881856540083,72020.0,19519727.0,160.0,0.0,1.3564356435643565,0.10972759336099586,0.11533771043771043,0.2526603174603175,0.25294262295081965
3.0,211.0,2.0,1.0,0.004807692307692308,0.0,498991.0,83676043.0,0.0,52574.0,1.0,0.0,0.0,0.0,0.0
6.0,1871.0,10.0,93.0,0.05740740740740741,6016.053333333333,121055240.0,329745826.0,711.25,0.0,4.076923076923077,0.36673999999999995,0.4172463414634146,0.7159800000000001,0.7159800000000001
5.0,89.0,42.0,4.0,0.13333333333333333,67016.625,19441776.0,84689219.0,5644.666666666667,318358.0,2.25,0.2063263157894737,0.22479032258064519,0.49323333333333325,0.6705
4.0,837.0,3.0,14.0,0.01717791411042945,1022.0,35561866.0,312559886.0,2017.0,0.0,1.5714285714285714,0.14213125,0.15675333333333338,0.0,0.0
6.0,2484.0,42.0,155.0,0.07680872150644202,3285.4904458598726,25649.0,112789061.0,9579.0,389476.0,0.9819277108433735,-0.00880868263473054,0.0021545454545454606,-0.36335000000000006,-0.35103333333333336
3.0,42.0,1.0,1.0,0.025,0.0,64489.0,516182.0,0.0,37377.0,2.0,0.6643,0.6643,0.6643,0.6643
2.0,2.0,0.0,0.0,0.0,0.0,26109.0,34182.0,0.0,34182.0,0.0,0.0,0.0,0.0,0.0
6.0,331.0,31.0,22.0,0.09565217391304348,16252.378378378378,100906655.0,343139108.0,4134.666666666667,0.0,1.3,0.11652318840579709,0.07234146341463416,0.07211142857142859,0.03361739130434786
2.0,114.0,0.0,0.0,0.0,0.0,30970.0,79343731.0,0.0,30970.0,0.0,0.0,0.0,0.0,0.0
3.0,109.0,1.0,1.0,0.009345794392523364,0.0,39403769.0,285760315.0,0.0,33349.0,1.0,0.0,0.0,0.0,0.0
4.0,61.0,2.0,6.0,0.12,5319.333333333333,30379.0,274563284.0,15194.0,29509.0,0.6666666666666666,-0.08191000000000001,-0.05962857142857143,0.0,0.0
6.0,1107.0,4.0,23.0,0.021967526265520534,11662.153846153846,46927.0,230841423.0,29.333333333333332,0.0,1.631578947368421,0.15058541666666667,0.250276,0.0,0.0
2.0,13.0,0.0,0.0,0.0,0.0,25290.0,10179301.0,0.0,25290.0,0.0,0.0,0.0,0.0,0.0
6.0,6409.0,184.0,421.0,0.1496622822609314,34593.868131868134,1058053.0,122372053.0,305.3333333333333,0.0,1.89618138424821,0.1956254368143031,0.2180251223491028,0.49723333333333336,0.49723333333333336
2.0,72.0,0.0,0.0,0.0,0.0,70046229.0,320590416.0,0.0,29071.0,0.0,0.0,0.0,0.0,0.0
2.0,41.0,0.0,0.0,0.0,0.0,26224.0,2627742.0,0.0,0.0,0.0,0.0,0.0,0.0,0.0
3.0,29.0,3.0,1.0,0.04,0.0,86857.0,147848.0,0.0,49720.0,1.0,-0.17005,-0.17005,-0.17005,-0.17005
2.0,21.0,0.0,0.0,0.0,0.0,63027060.0,63027060.0,0.0,0.0,0.0,0.0,0.0,0.0,0.0
6.0,452.0,20.0,53.0,0.21721311475409835,16824.14285714286,378873.0,16955315.0,77.0,0.0,1.09375,0.010612857142857148,-0.0008410256410256353,-0.05343636363636362,0.18742
2.0,415.0,0.0,0.0,0.0,0.0,4879289.0,250908379.0,0.0,0.0,0.0,0.0,0.0,0.0,0.0
2.0,4.0,0.0,0.0,0.0,0.0,15122132.0,15123233.0,0.0,0.0,0.0,0.0,0.0,0.0,0.0
3.0,27.0,1.0,2.0,0.08333333333333333,0.0,129598027.0,285678158.0,0.0,105882.0,1.0,-0.3216,-0.3216,0.0,0.0
2.0,47.0,0.0,0.0,0.0,0.0,30048.0,756987.0,0.0,0.0,0.0,0.0,0.0,0.0,0.0
3.0,113.0,1.0,1.0,0.009009009009009009,0.0,43243.0,276815040.0,0.0,0.0,0.5,-0.5423,-0.5423,0.0,0.0
6.0,2424.0,161.0,99.0,0.0553381777529346,8331.09375,43557684.0,323820395.0,186.66666666666666,0.0,1.1776649746192893,0.0530865603644647,0.07660381231671554,-0.23225384615384614,-0.18145555555555554
6.0,2066.0,24.0,68.0,0.0367170626349892,94957.04347826086,43365160.0,315756337.0,673377.2,633744.0,1.7,0.1795954887218045,0.18093055555555554,0.5993,0.5993
7.0,4607.0,185.0,200.0,0.13764624913971094,19457.399109792284,60904704.0,339411657.0,0.0,4128.0,1.1544532130777903,0.027946280991735538,0.014369057104913673,0.34934400000000004,0.3202086956521739
2.0,6.0,0.0,0.0,0.0,0.0,1422313.0,162910284.0,0.0,1422313.0,0.0,0.0,0.0,0.0,0.0
6.0,1132.0,13.0,33.0,0.033,11138.588235294117,8272908.0,237261881.0,2114.705882352941,0.0,1.3170731707317074,0.06122127659574469,-0.014524528301886795,0.009900000000000008,-0.14603333333333332
6.0,161.0,29.0,10.0,0.12195121951219512,25223.6,184286958.0,302936024.0,11642.153846153846,3524588.0,1.0357142857142858,-0.017049999999999992,-0.1300527777777778,-0.55315,-0.55315
6.0,1261.0,40.0,65.0,0.06659836065573771,8964.648148148148,25953.0,61033156.0,1919.1666666666667,147772.0,0.8363636363636363,-0.029882089552238807,-0.027046012269938656,-0.0739875,-0.0739875
6.0,25.0,3.0,2.0,0.2222222222222222,107235.53846153847,122526788.0,314524365.0,154761.11111111112,0.0,1.6,0.07868333333333334,0.52905,0.0,0.0
6.0,2199.0,85.0,154.0,0.10301003344481606,19035.886363636364,196370910.0,266343831.0,19.666666666666668,0.0,1.497142857142857,0.12158539325842697,0.15049407665505227,-0.1298,-0.1298
2.0,10.0,0.0,0.0,0.0,0.0,3470267.0,93710401.0,0.0,0.0,0.0,0.0,0.0,0.0,0.0
2.0,8.0,0.0,0.0,0.0,0.0,19551409.0,20915552.0,0.0,0.0,0.0,0.0,0.0,0.0,0.0
6.0,408.0,2.0,9.0,0.023076923076923078,451.85714285714283,29588897.0,303211622.0,152.66666666666666,25452.0,1.6,0.19579166666666667,0.28522857142857144,0.0,0.0
2.0,14.0,0.0,0.0,0.0,0.0,173168342.0,283913894.0,0.0,0.0,0.0,0.0,0.0,0.0,0.0
6.0,3824.0,204.0,111.0,0.03546325878594249,8577.982608695653,821902.0,39611022.0,373.25,0.0,0.8038461538461539,-0.09322063157894736,-0.09999245283018869,0.0,0.0
3.0,153.0,7.0,7.0,0.051470588235294115,0.0,125169414.0,305126527.0,0.0,67213.0,1.0,-0.024980000000000013,-0.024980000000000013,-0.10350000000000001,-0.10350000000000001
6.0,355.0,33.0,24.0,0.13259668508287292,19841.675675675677,74556485.0,104157518.0,896.6666666666666,0.0,1.8611111111111112,0.19619999999999999,0.20240317460317464,0.16911666666666667,-0.052549999999999986
6.0,1442.0,58.0,78.0,0.07647058823529412,17899.89719626168,26719.0,12884299.0,5548.25,28292.0,1.25,0.07607302158273382,0.10039182692307692,0.07903333333333333,0.07903333333333333
7.0,13572.0,194.0,970.0,0.23885742427973405,57583.91563590232,60855.0,21645223.0,726.3333333333334,0.0,1.3525641025641026,0.085151330499134,0.07395518742442563,0.0895,0.1802083333333334
2.0,8.0,0.0,0.0,0.0,0.0,289907490.0,289907490.0,0.0,0.0,0.0,0.0,0.0,0.0,0.0
2.0,3.0,0.0,0.0,0.0,0.0,25364.0,11590083.0,0.0,25364.0,0.0,0.0,0.0,0.0,0.0
5.0,1544.0,1.0,5.0,0.0032552083333333335,34661.5,45046847.0,288366699.0,34661.5,0.0,1.6666666666666667,0.2732333333333334,0.003050000000000011,0.0,0.0
2.0,181.0,0.0,0.0,0.0,0.0,24931248.0,114752231.0,0.0,0.0,0.0,0.0,0.0,0.0,0.0
6.0,2069.0,110.0,126.0,0.08600682593856655,5465.666666666667,30594.0,176134441.0,1235.4285714285713,253023.0,1.0241545893719808,-0.007996933962264148,-0.01858724832214766,0.2248761904761905,0.23389374999999998
4.0,220.0,1.0,2.0,0.009259259259259259,168.0,27196633.0,159273247.0,168.0,0.0,1.5,0.2792333333333334,0.10040000000000002,0.0,0.0
6.0,229.0,22.0,11.0,0.05945945945945946,1827.2222222222222,26799.0,155457245.0,2076.5,25902.0,2.4444444444444446,0.3210333333333333,0.26289999999999997,0.16169999999999998,0.16169999999999998
10.0,9207.0,159.0,837.0,0.18019375672766416,34082.13273248669,25533.0,224493315.0,1972.0,0.0,0.8843217850851439,-0.05300899357601713,-0.0799969144460028,-0.12057500000000002,-0.12057500000000002
3.0,71.0,2.0,2.0,0.029850746268656716,0.0,25247.0,56840668.0,0.0,182761.0,1.0,0.06574999999999998,0.06574999999999998,0.5719,0.5719
6.0,1784.0,163.0,87.0,0.08987603305785125,20196.931506849316,2011699.0,87057180.0,26571.0,39964.0,1.1341991341991342,0.023575249500998003,0.019199494949494952,-0.013421698113207542,0.0038455882352941137
5.0,100.0,2.0,14.0,0.1794871794871795,3502.25,124102139.0,311711986.0,53.0,109810.0,0.8571428571428571,0.06103333333333333,-0.004172727272727278,-0.0516,-0.0516
6.0,32.0,2.0,3.0,0.13636363636363635,1120.6,52395435.0,137082008.0,300.0,26432.0,1.6666666666666667,0.31644999999999995,0.015900000000000008,0.2784,-0.3008
3.0,168.0,11.0,9.0,0.06569343065693431,0.0,112716996.0,300389348.0,0.0,50245.0,1.6666666666666667,0.14300000000000002,0.14300000000000002,-0.1084142857142857,-0.1084142857142857
6.0,73.0,19.0,2.0,0.04081632653061224,211.0,33709.0,29374118.0,211.0,74610.0,0.7272727272727273,-0.12119411764705881,-0.2175933333333333,-0.12076875000000001,-0.2239928571428571
6.0,685.0,75.0,41.0,0.08282828282828283,3921.935483870968,25386.0,94055960.0,402.75,0.0,0.9838709677419355,-0.0008130081300813076,-0.001482075471698129,0.0815,0.0815
2.0,10.0,0.0,0.0,0.0,0.0,28575.0,518440.0,0.0,0.0,0.0,0.0,0.0,0.0,0.0
2.0,4.0,0.0,0.0,0.0,0.0,18962487.0,18967358.0,0.0,0.0,0.0,0.0,0.0,0.0,0.0
6.0,175.0,109.0,5.0,0.1111111111111111,7675.8,84376700.0,263733485.0,8200.142857142857,17585998.0,1.170731707317073,0.0665901098901099,0.06613580246913581,0.05612045454545456,0.06236329113924052
6.0,1310.0,70.0,63.0,0.07875,18181.360824742267,26554992.0,304317082.0,27163.666666666668,0.0,1.1575342465753424,0.01772100313479624,0.03141245283018868,-0.2783,-0.2783
6.0,138.0,13.0,10.0,0.10416666666666667,835.7692307692307,76867127.0,308915828.0,131.0,0.0,1.3333333333333333,0.13331212121212122,0.196775,0.0,0.0
5.0,222.0,16.0,22.0,0.1456953642384106,174623.57142857142,86485236.0,290961105.0,3084.0,549964.0,0.5161290322580645,-0.1942782608695652,-0.1560857142857143,-0.14153749999999998,-0.015950000000000002
6.0,1492.0,10.0,63.0,0.04827586206896552,6633.259259259259,28444.0,82491458.0,0.3333333333333333,0.0,1.725,0.11556055045871558,0.10132954545454545,0.0,0.0
6.0,335.0,6.0,9.0,0.03,897.7222222222222,65947.0,63666748.0,2605.0,0.0,0.9090909090909091,-0.0581736842105263,0.077075,0.0,0.0
2.0,15.0,0.0,0.0,0.0,0.0,309476.0,371985.0,0.0,0.0,0.0,0.0,0.0,0.0,0.0
3.0,481.0,17.0,8.0,0.018018018018018018,0.0,33674653.0,308751177.0,0.0,31094.0,6.666666666666667,0.4949904761904762,0.4949904761904762,-0.836,-0.836
6.0,84.0,30.0,7.0,0.5384615384615384,3198.5227272727275,25209.0,12554781.0,3227.279069767442,113615.0,1.35,0.08886808510638299,0.06988823529411765,0.057225000000000005,-0.06126363636363634
5.0,7.0,1.0,1.0,0.3333333333333333,3886.0,0.0,188121461.0,3886.0,0.0,0.5,-0.7096,0.0,-0.7096,0.0
3.0,10.0,1.0,1.0,0.125,0.0,0.0,315616998.0,0.0,0.0,2.0,0.4588,0.4588,0.0,0.0
3.0,28.0,2.0,2.0,0.08333333333333333,0.0,64686269.0,315731664.0,0.0,0.0,0.6666666666666666,-0.2978,-0.2978,0.0,0.0
6.0,720.0,76.0,40.0,0.09090909090909091,15030.807017543859,80145866.0,305430358.0,608.0,101672.0,1.4444444444444444,0.08113142857142855,0.017568840579710143,-0.11556,-0.11556
6.0,68.0,3.0,2.0,0.03333333333333333,148066.8,63847041.0,272931241.0,148066.8,0.0,0.75,-0.25228,-0.033299999999999996,0.0,0.0
3.0,20.0,2.0,1.0,0.058823529411764705,0.0,28006.0,78060.0,0.0,25356.0,0.5,-0.4559,-0.4559,0.0,0.0
2.0,28.0,0.0,0.0,0.0,0.0,25228.0,97740018.0,0.0,26579.0,0.0,0.0,0.0,0.0,0.0
6.0,1059.0,15.0,12.0,0.011811023622047244,242.66666666666666,64556.0,89603674.0,24.333333333333332,35090.0,1.625,0.12308421052631581,0.18650625,0.0,0.0
6.0,71.0,2.0,3.0,0.05454545454545454,562.3636363636364,119383000.0,294099154.0,431.8333333333333,0.0,13.0,0.4995076923076924,0.5966333333333332,0.41000000000000003,0.4588
6.0,176.0,4.0,13.0,0.10317460317460317,2016.5384615384614,61372547.0,256058131.0,2378.3333333333335,0.0,1.368421052631579,0.11713953488372093,0.11336315789473685,0.0,0.0
6.0,59.0,4.0,4.0,0.1111111111111111,959.7777777777778,262430956.0,289872878.0,2087.1428571428573,0.0,5.0,0.36526875000000003,0.564325,0.0,0.0
6.0,1108.0,10.0,42.0,0.042467138523761376,24517.08,38720.0,91947015.0,0.3333333333333333,0.0,1.6333333333333333,0.13995,0.11380227272727272,0.213375,0.114675
5.0,30.0,2.0,2.0,0.08695652173913043,7010.5,163958482.0,292423681.0,9118.0,0.0,1.0,-0.09675,-0.1252,0.0,0.0
2.0,62.0,0.0,0.0,0.0,0.0,60957.0,260563818.0,0.0,0.0,0.0,0.0,0.0,0.0,0.0
2.0,10.0,0.0,0.0,0.0,0.0,28607.0,14944630.0,0.0,0.0,0.0,0.0,0.0,0.0,0.0
3.0,27.0,1.0,1.0,0.04,0.0,3303251.0,4661570.0,0.0,66887.0,1.0,0.0,0.0,0.0,0.0
6.0,160.0,1.0,1.0,0.0064516129032258064,190.66666666666666,103282858.0,312161740.0,190.66666666666666,0.0,1.5,0.4535666666666667,0.852,0.0,0.0
3.0,70.0,7.0,2.0,0.034482758620689655,0.0,25584.0,33796263.0,0.0,459174.0,1.0,-0.15660000000000002,-0.15660000000000002,0.0,0.0
4.0,16.0,1.0,1.0,0.07692307692307693,0.0,191970352.0,220098492.0,0.0,25911.0,0.3333333333333333,-0.27985,-0.1779,0.0,0.0
4.0,133.0,3.0,11.0,0.10185185185185185,976.75,25271.0,2022393.0,1367.0,29213.0,0.3333333333333333,-0.2504266666666667,-0.22263636363636363,-0.28703333333333336,-0.12485000000000002
6.0,1582.0,167.0,73.0,0.0946822308690013,75742.28042328042,26828.0,83125232.0,28631.875,1912992.0,1.2100840336134453,0.04854812030075188,0.046640586797066015,0.05802857142857144,0.04091333333333333
2.0,2.0,0.0,0.0,0.0,0.0,37082.0,37082.0,0.0,37082.0,0.0,0.0,0.0,0.0,0.0
6.0,1568.0,66.0,89.0,0.09498399146211313,26359.048,9653097.0,255265176.0,18352.333333333332,457935.0,1.2793296089385475,0.08566359223300972,0.04924061538461538,-0.10905555555555554,-0.07800588235294116
3.0,90.0,1.0,1.0,0.011363636363636364,0.0,43145.0,228531399.0,0.0,0.0,2.0,0.8948,0.8948,0.0,0.0
6.0,207.0,26.0,16.0,0.24242424242424243,1569.9444444444443,58762982.0,161398034.0,2785.0,0.0,1.2727272727272727,0.06359700000000001,0.03721969696969697,0.06891000000000001,0.259
2.0,1883.0,0.0,0.0,0.0,0.0,370341.0,271241482.0,0.0,0.0,0.0,0.0,0.0,0.0,0.0
6.0,54.0,2.0,1.0,0.020833333333333332,95.25,25408.0,83114533.0,95.25,0.0,0.6666666666666666,-0.31656666666666666,-0.8858,0.0,0.0
3.0,53.0,4.0,4.0,0.09523809523809523,0.0,46821185.0,292859425.0,0.0,31061.0,1.6666666666666667,0.06336666666666664,0.06336666666666664,0.0,0.0
3.0,29.0,5.0,1.0,0.043478260869565216,0.0,5663993.0,209655224.0,0.0,100930.0,0.75,-0.04046000000000001,-0.04046000000000001,0.0,0.0
7.0,3826.0,52.0,324.0,0.11868131868131868,25799.669230769232,100071.0,36998260.0,52.666666666666664,94.0,2.219298245614035,0.23176990553306348,0.23791802575107296,0.248135294117647,0.45498
6.0,820.0,23.0,38.0,0.05547445255474453,2425.0476190476193,25227.0,136219485.0,94.14285714285714,0.0,0.6,-0.19029166666666666,-0.23834,-0.012045454545454536,-0.11437777777777776
3.0,70.0,2.0,3.0,0.046153846153846156,0.0,44503.0,167242989.0,0.0,0.0,2.0,0.16904999999999998,0.16904999999999998,0.0,0.0
4.0,26.0,1.0,2.0,0.09090909090909091,59540.0,52671.0,54965091.0,59540.0,27269.0,0.3333333333333333,-0.5248,-0.5248,0.0,0.0
6.0,502.0,13.0,17.0,0.03803131991051454,13107.083333333334,27398.0,82774158.0,24.333333333333332,35090.0,0.8421052631578947,-0.0688060606060606,0.027592,0.004166666666666666,0.04119090909090909
6.0,1045.0,11.0,38.0,0.03946002076843198,3211.3809523809523,59562205.0,330477103.0,894.6666666666666,88966.0,14.5,0.5858800000000001,0.5936181818181819,0.0,0.0
2.0,147.0,0.0,0.0,0.0,0.0,69017329.0,327887452.0,0.0,0.0,0.0,0.0,0.0,0.0,0.0
6.0,41.0,1.0,2.0,0.05714285714285714,1651.6666666666667,23523088.0,286702050.0,1651.6666666666667,0.0,4.0,0.34646666666666665,0.0516,0.0,0.0
2.0,5.0,0.0,0.0,0.0,0.0,43720.0,79970921.0,0.0,43720.0,0.0,0.0,0.0,0.0,0.0
6.0,808.0,20.0,53.0,0.0848,18776.424242424244,53498928.0,293659814.0,68843.0,215262.0,1.8043478260869565,0.17313565891472868,0.17656796116504855,0.5849777777777778,0.583175
2.0,23.0,0.0,0.0,0.0,0.0,14531945.0,33563301.0,0.0,0.0,0.0,0.0,0.0,0.0,0.0
6.0,467.0,3.0,7.0,0.015555555555555555,265.3333333333333,33202050.0,307798510.0,120.66666666666667,0.0,11.0,0.48066,0.40991999999999995,0.3612,0.3612
6.0,747.0,40.0,28.0,0.050816696914700546,1079.40625,36071.0,92193721.0,592.0,328417.0,0.6063829787234043,-0.1872532894736842,-0.16358399999999998,-0.19629375,-0.1843357142857143
6.0,1416.0,22.0,41.0,0.03295819935691318,15746.416666666666,25697.0,96149482.0,294.3333333333333,25331.0,0.6721311475409836,-0.10693398058252428,-0.08572278481012659,-0.12416,-0.10625714285714283
4.0,41.0,3.0,3.0,0.08823529411764706,664.0,116743748.0,263004752.0,664.0,89485.0,5.0,0.551525,0.5803666666666667,0.0,0.0
6.0,690.0,49.0,34.0,0.07024793388429752,10759.473684210527,60744.0,44142460.0,10133.0,1009708.0,0.7922077922077922,-0.08781014492753622,-0.11644516129032259,0.37005,0.37005
6.0,1579.0,158.0,100.0,0.0984251968503937,33298.005102040814,148921.0,77245798.0,6432.714285714285,0.0,1.17,0.023813122171945703,0.024296539792387547,0.0,0.0
