0,1,2,3,4,5,6,7,8,9,10,11,12,13,14,15,16
8.0,3475.0,87.0,1094.0,1.0,330.0,0.3016453382084095,170.0,0.07566371681415929,21546.741588156125,289805159.0,272987245.0,289503440.0,554157.0,7050.307692307692,264870.4849039341,44477940.0
9.0,8128.0,89.0,6303.0,1.0,270.0,0.042836744407425034,411.0,0.23691776883266244,55530.12215909091,62565271.0,52846089.0,56703481.0,768987.0,126288.94594594595,8997.696128213265,26485.0
7.0,1410.0,13.0,1166.0,1.0,92.0,0.07890222984562607,38.0,0.17105263157894737,29679.17948717949,71678765.0,3414600.0,71678765.0,90802.0,16861.0,61526.83690987124,45866.0
6.0,279.0,48.0,134.0,1.0,19.0,0.1417910447761194,29.0,0.2097902097902098,46164.78,15936692.0,850.0,13453836.0,485205.0,47267.333333333336,101156.66165413534,26142.0
5.0,826.0,14.0,673.0,1.0,66.0,0.09806835066864784,17.0,0.12244897959183673,3547.5625,157200349.0,288039.0,157176516.0,228060.0,2940.909090909091,233893.625,28115.0
4.0,23.0,5.0,13.0,1.0,2.0,0.15384615384615385,1.0,0.18181818181818182,11115.0,51273894.0,2476.0,51273894.0,63186.0,11115.0,4272824.5,27721.0
5.0,171.0,17.0,129.0,1.0,14.0,0.10852713178294573,5.0,0.15,1238.5,16847456.0,248459.0,16847456.0,30401.0,1588.6666666666667,131620.75,31168.0
6.0,98.0,10.0,44.0,1.0,14.0,0.3181818181818182,5.0,0.11320754716981132,758.1428571428571,1396374.0,1363523.0,1363523.0,30453.0,453.6666666666667,31709.837209302324,25357.0
9.0,426.0,58.0,165.0,1.0,27.0,0.16363636363636364,68.0,0.26436781609195403,41263.22222222222,7892641.0,0.0,7892641.0,1371419.0,83305.88888888889,48125.85975609756,26702.0
7.0,1925.0,63.0,1000.0,1.0,199.0,0.199,192.0,0.20910075839653305,960238.5286343612,50019351.0,20338.0,43954667.0,72934.0,11916.75,43998.66566566566,32341.0
6.0,40.0,15.0,11.0,1.0,2.0,0.18181818181818182,8.0,0.3,6933.181818181818,3886544.0,3191185.0,3812445.0,42947.0,3433.625,381244.5,3216443.0
4.0,20.0,1.0,16.0,1.0,2.0,0.125,1.0,0.4,631.0,9753031.0,0.0,9753031.0,29210.0,631.0,650202.0666666667,25394.0
3.0,74.0,1.0,70.0,1.0,3.0,0.04285714285714286,2.0,0.6,0.0,22712463.0,19395.0,22712463.0,25251.0,0.0,329166.1304347826,44646.0
6.0,630.0,9.0,509.0,1.0,43.0,0.08447937131630648,17.0,0.1487603305785124,98008.45454545454,42140508.0,2409130.0,42140508.0,2315162.0,457763.0,82953.75590551182,211506.0
3.0,11.0,4.0,6.0,1.0,1.0,0.16666666666666666,2.0,0.5,0.0,11198252.0,316778.0,11198252.0,34349.0,0.0,2239650.4,342066.0
3.0,4.0,1.0,2.0,1.0,1.0,0.5,0.0,0.3333333333333333,0.0,56172.0,0.0,56172.0,25230.0,0.0,56172.0,25230.0
5.0,182.0,4.0,151.0,1.0,17.0,0.11258278145695365,7.0,0.26666666666666666,948.5,17000170.0,2268356.0,17000170.0,28359.0,948.5,113334.46666666666,98902.0
3.0,26.0,2.0,21.0,1.0,2.0,0.09523809523809523,1.0,0.3333333333333333,0.0,6261001.0,2018.0,6261001.0,388886.0,0.0,313050.05,29181.0
4.0,41.0,2.0,36.0,1.0,2.0,0.05555555555555555,1.0,0.3333333333333333,212.0,5965395.0,30397.0,5965395.0,25440.0,212.0,170439.85714285713,36169.0
9.0,2144.0,56.0,771.0,1.0,161.0,0.20881971465629054,386.0,0.2851879145173176,120115.33956834533,32384844.0,1127122.0,32384844.0,5022134.0,211001.92307692306,42058.23896103896,25243.0
4.0,120.0,4.0,103.0,1.0,9.0,0.08737864077669903,3.0,0.2222222222222222,3124.0,20813411.0,6416.0,20813411.0,28423.0,3124.0,204053.04901960783,26705.0
7.0,996.0,28.0,622.0,1.0,95.0,0.1527331189710611,114.0,0.30913978494623656,23862.675,50242959.0,63043.0,49492026.0,457128.0,32923.76470588235,79697.30434782608,25947.0
9.0,238.0,20.0,106.0,1.0,12.0,0.11320754716981132,27.0,0.22950819672131148,47698.5,1028912.0,148074.0,1028912.0,734680.0,54824.6875,9799.161904761904,26241.0
10.0,3481.0,85.0,1051.0,1.0,257.0,0.2445290199809705,657.0,0.2794055201698514,172858.15900383142,9392619.0,26208.0,4776770.0,362412.0,19529.25,4549.304761904762,25355.0
6.0,98.0,29.0,25.0,1.0,5.0,0.2,10.0,0.14864864864864866,17336.535714285714,3884106.0,175226.0,3867804.0,84785.0,10411.666666666666,161158.5,75718.0
6.0,145.0,13.0,72.0,1.0,14.0,0.19444444444444445,19.0,0.2702702702702703,268016.04761904763,63113598.0,6507525.0,63113598.0,4232730.0,619697.6666666666,888923.9154929577,6463899.0
6.0,1211.0,57.0,909.0,1.0,94.0,0.1034103410341034,53.0,0.1888111888111888,95511.23214285714,100437311.0,90618629.0,100437311.0,1024760.0,98297.24242424243,110613.77863436124,454660.0
4.0,96.0,2.0,81.0,1.0,8.0,0.09876543209876543,1.0,0.125,14348.0,31525956.0,0.0,31525956.0,40874.0,15284.0,394074.45,25263.0
11.0,748.0,53.0,305.0,1.0,49.0,0.16065573770491803,48.0,0.1192214111922141,25536.5,1490425.0,19802.0,839396.0,1479911.0,34336.10769230769,2761.1710526315787,26195.0
8.0,374.0,20.0,203.0,1.0,50.0,0.24630541871921183,38.0,0.22807017543859648,196241.7288135593,12779716.0,3385624.0,12779716.0,2035642.0,230878.86,63265.92079207921,26557.0
6.0,752.0,21.0,607.0,1.0,38.0,0.06260296540362438,44.0,0.3237410071942446,93050.60606060606,51856247.0,19041767.0,51748855.0,1045781.0,277114.63636363635,85394.1501650165,944943.0
8.0,849.0,34.0,537.0,1.0,81.0,0.15083798882681565,70.0,0.23355263157894737,91310.43589743589,50379507.0,33392.0,50379507.0,939401.0,45914.43636363636,93991.61753731343,28056.0
9.0,1248.0,44.0,438.0,1.0,103.0,0.23515981735159816,180.0,0.22681704260651628,17866.817275747508,16915173.0,54270.0,16915173.0,81173.0,3665.233333333333,38707.48970251716,31237.0
7.0,1477.0,24.0,1060.0,1.0,145.0,0.13679245283018868,115.0,0.2907268170426065,24510.98275862069,29692668.0,136620.0,29639985.0,41550.0,2704.1428571428573,27988.654390934844,25560.0
6.0,205.0,23.0,142.0,1.0,15.0,0.1056338028169014,1.0,0.03125,69047.58823529411,64395653.0,63375887.0,63703097.0,1019766.0,78181.6,451795.0141843972,141593.0
5.0,1650.0,74.0,1489.0,1.0,33.0,0.02216252518468771,8.0,0.06293706293706294,480561.2,43635607.0,16655742.0,43635607.0,7354301.0,3531369.5,29325.004704301075,12210663.0
3.0,67.0,1.0,61.0,1.0,5.0,0.08196721311475409,1.0,0.3333333333333333,0.0,2058271.0,0.0,2058271.0,25789.0,0.0,34304.51666666667,25789.0
10.0,964.0,62.0,246.0,1.0,93.0,0.3780487804878049,175.0,0.2558139534883721,181593.93227091632,8417963.0,121.0,8417963.0,6898926.0,678858.1860465116,34359.03265306122,25374.0
8.0,1341.0,68.0,303.0,1.0,67.0,0.22112211221122113,245.0,0.23929961089494164,308387.78656126483,34425308.0,149021.0,32720766.0,109818.0,17650.666666666668,108346.90728476821,35961.0
7.0,556.0,84.0,307.0,1.0,40.0,0.13029315960912052,34.0,0.14522821576763487,12096.672727272728,27140422.0,1970202.0,27069699.0,30090.0,1751.3333333333333,88463.06862745098,27848.0
7.0,932.0,21.0,383.0,1.0,150.0,0.391644908616188,60.0,0.12055335968379446,9794.494117647058,95681399.0,50940435.0,95681399.0,214872.0,18610.48,250474.8664921466,58616.0
3.0,36.0,1.0,34.0,1.0,1.0,0.029411764705882353,0.0,0.3333333333333333,0.0,23723053.0,23595652.0,23723053.0,31236.0,0.0,718880.3939393939,23626888.0
5.0,191.0,12.0,105.0,1.0,21.0,0.2,18.0,0.2289156626506024,22160.08,2685801.0,276850.0,2685801.0,32914.0,1943.0,25825.009615384617,25733.0
5.0,288.0,23.0,247.0,1.0,9.0,0.03643724696356275,10.0,0.2682926829268293,2051.1666666666665,166046402.0,9158711.0,166046402.0,30064.0,2716.6666666666665,674985.3739837399,1824544.0
4.0,37.0,5.0,29.0,1.0,2.0,0.06896551724137931,0.0,0.1111111111111111,80.0,4964953.0,1609815.0,4964953.0,63855.0,80.0,177319.75,310382.0
3.0,103.0,3.0,88.0,1.0,8.0,0.09090909090909091,1.0,0.13333333333333333,0.0,5520132.0,138003.0,5520132.0,27938.0,0.0,63449.793103448275,163260.0
6.0,289.0,41.0,143.0,1.0,22.0,0.15384615384615385,32.0,0.23076923076923078,25631.060606060608,4294527.0,189786.0,4294527.0,384271.0,27760.37254901961,30243.147887323943,29798.0
14.0,1935.0,56.0,722.0,1.0,194.0,0.26869806094182824,340.0,0.2846410684474123,289671.6525096525,30648172.0,167165.0,30648172.0,7400204.0,716845.8493150685,42507.866851595005,26196.0
4.0,75.0,6.0,64.0,1.0,4.0,0.0625,0.0,0.08333333333333333,31.0,271659695.0,144561432.0,271659695.0,132682.0,31.0,4312058.650793651,81760662.0
7.0,364.0,29.0,156.0,1.0,31.0,0.1987179487179487,47.0,0.23880597014925373,16692.044943820223,22279208.0,68394.0,22279208.0,115020.0,16709.061538461538,143736.8258064516,25281.0
7.0,578.0,55.0,175.0,1.0,50.0,0.2857142857142857,105.0,0.2760416666666667,963351.6428571428,22602209.0,1821518.0,22602209.0,10221021.0,937923.9861111111,129897.75287356322,1846646.0
5.0,387.0,71.0,165.0,1.0,27.0,0.16363636363636364,17.0,0.08108108108108109,13885.486486486487,22604000.0,22452455.0,22452455.0,41049.0,2048.3333333333335,136905.21341463414,25350.0
3.0,10.0,8.0,1.0,1.0,1.0,1.0,1.0,0.25,0.0,31669.0,0.0,0.0,31669.0,0.0,0.0,25397.0
8.0,621.0,45.0,306.0,1.0,57.0,0.18627450980392157,10.0,0.03666666666666667,11807.126865671642,775104.0,0.0,768881.0,253418.0,28512.545454545456,2520.9213114754098,27079.0
6.0,247.0,10.0,196.0,1.0,18.0,0.09183673469387756,15.0,0.32653061224489793,5779.555555555556,11951924.0,38796.0,11951924.0,33247.0,729.0,61291.91794871795,26796.0
3.0,163.0,4.0,154.0,1.0,4.0,0.025974025974025976,1.0,0.2,0.0,9867056.0,45339.0,9867056.0,27636.0,0.0,64490.56209150327,70549.0
9.0,616.0,27.0,157.0,1.0,49.0,0.31210191082802546,122.0,0.2727272727272727,58644.366255144036,21713080.0,339919.0,21713080.0,900453.0,150210.64516129033,139186.41025641025,32042.0
3.0,20.0,1.0,16.0,1.0,3.0,0.1875,1.0,0.4,0.0,18242152.0,8526.0,18216537.0,94905.0,0.0,1214435.8,45155.0
4.0,212.0,5.0,182.0,1.0,17.0,0.09340659340659341,1.0,0.06896551724137931,87.0,13381664.0,42301.0,13381664.0,25600.0,87.0,73931.8453038674,56697.0
3.0,34.0,1.0,32.0,1.0,1.0,0.03125,0.0,0.3333333333333333,0.0,3685969.0,15906.0,3685969.0,25412.0,0.0,118902.2258064516,41318.0
8.0,1236.0,52.0,385.0,1.0,110.0,0.2857142857142857,212.0,0.25478468899521534,64299.031746031746,34070195.0,80199.0,34070195.0,549729.0,55384.625,88724.46614583333,42537.0
10.0,1948.0,62.0,503.0,1.0,126.0,0.2504970178926441,259.0,0.1832276250880902,100442.12020033388,9797249.0,43674.0,8334598.0,1236935.0,155281.61428571428,16602.784860557767,36938.0
5.0,292.0,4.0,239.0,1.0,26.0,0.1087866108786611,4.0,0.09803921568627451,1200.8,102392676.0,2404326.0,102392676.0,28160.0,1237.0,430221.32773109246,391931.0
9.0,1051.0,45.0,387.0,1.0,66.0,0.17054263565891473,143.0,0.22153846153846155,34122.41433021807,4270704.0,9488.0,4270704.0,1038021.0,39178.93243243243,11064.0,25260.0
5.0,65.0,6.0,37.0,1.0,7.0,0.1891891891891892,4.0,0.1724137931034483,4467.555555555556,733745.0,112700.0,707170.0,44199.0,6522.0,19643.61111111111,35078.0
6.0,71.0,16.0,33.0,1.0,5.0,0.15151515151515152,9.0,0.2564102564102564,3863.6666666666665,1815885.0,12414.0,1815885.0,96053.0,4188.545454545455,56746.40625,29984.0
8.0,2526.0,71.0,715.0,1.0,201.0,0.2811188811188811,388.0,0.21707589285714285,181333.98299319728,33172569.0,47991.0,10718882.0,170270.0,16024.938775510203,15012.439775910365,25744.0
3.0,46.0,4.0,36.0,1.0,4.0,0.1111111111111111,0.0,0.09090909090909091,0.0,6690138.0,76488.0,6690138.0,112021.0,0.0,191146.8,31874.0
4.0,26.0,3.0,17.0,1.0,4.0,0.23529411764705882,6.0,0.7,128.0,31839546.0,1390529.0,2456553.0,27576.0,128.0,153534.5625,317086.0
9.0,8912.0,71.0,6574.0,1.0,567.0,0.08624885914207484,328.0,0.1505032021957914,211234.67708333334,90713639.0,73103015.0,90713639.0,140619.0,18950.15625,13800.949186064203,37535.0
3.0,22.0,2.0,19.0,1.0,1.0,0.05263157894736842,0.0,0.25,0.0,13477793.0,902.0,357263.0,13476891.0,0.0,19847.944444444445,861836.0
6.0,649.0,25.0,385.0,1.0,58.0,0.15064935064935064,50.0,0.2,14661.043956043955,41203961.0,14851.0,41203961.0,79617.0,11644.933333333332,107301.98177083333,29514.0
4.0,45.0,2.0,33.0,1.0,7.0,0.21212121212121213,5.0,0.5,411.5,221518.0,143.0,221518.0,26169.0,123.0,6922.4375,25577.0
4.0,27.0,3.0,18.0,1.0,3.0,0.16666666666666666,0.0,0.1,41606.0,25056670.0,25029803.0,25029803.0,67090.0,41606.0,1472341.3529411764,28824.0
10.0,2165.0,69.0,763.0,1.0,123.0,0.16120576671035386,123.0,0.09309309309309309,96711.45322580646,73655879.0,37061362.0,73655879.0,115891.0,11033.222222222223,96661.25853018372,42140.0
4.0,24.0,17.0,4.0,1.0,1.0,0.25,0.0,0.05,1353.0,286788.0,210757.0,210757.0,76031.0,1353.0,70252.33333333333,235994.0
7.0,1990.0,84.0,1111.0,1.0,155.0,0.1395139513951395,186.0,0.2236842105263158,35533.89230769231,18554351.0,13.0,18554351.0,53692.0,1888.7777777777778,16715.631531531533,25285.0
6.0,250.0,11.0,181.0,1.0,24.0,0.13259668508287292,7.0,0.11764705882352941,30291.38888888889,2604578.0,86531.0,2604578.0,209458.0,35773.2,14469.877777777778,42123.0
5.0,246.0,8.0,207.0,1.0,17.0,0.0821256038647343,4.0,0.125,2679.777777777778,38575663.0,41284.0,38575663.0,28327.0,441.3333333333333,187260.5,51594.0
9.0,95.0,13.0,25.0,2.0,7.0,0.28,27.0,0.39436619718309857,53678.36170212766,3304416.0,637604.0,3304416.0,987232.0,53678.36170212766,137684.0,74467.0
10.0,1340.0,40.0,796.0,1.0,136.0,0.1708542713567839,141.0,0.26591760299625467,38039.54337899543,39437218.0,7763899.0,39411938.0,1519236.0,78287.9649122807,49574.76477987421,363166.0
4.0,68.0,5.0,45.0,1.0,9.0,0.2,6.0,0.2916666666666667,1175.0,6481115.0,1476.0,1386149.0,28877.0,1175.0,31503.386363636364,26950.0
3.0,11.0,7.0,3.0,1.0,1.0,0.3333333333333333,0.0,0.125,0.0,2480773.0,2434502.0,2434502.0,46271.0,0.0,1217251.0,2459859.0
10.0,726.0,50.0,394.0,1.0,46.0,0.116751269035533,80.0,0.24620060790273557,218505.19696969696,22910215.0,1159719.0,19219364.0,497743.0,29444.666666666668,48904.23409669211,29550.0
3.0,294.0,5.0,268.0,1.0,19.0,0.0708955223880597,5.0,0.23076923076923078,0.0,303918457.0,169079404.0,303918457.0,25238.0,0.0,1138271.3745318353,46206549.0
7.0,82.0,17.0,5.0,2.0,2.0,0.4,21.0,0.28205128205128205,14839.637931034482,235359.0,158725.0,235359.0,70572.0,15081.877192982456,58839.75,110471.0
7.0,247.0,67.0,71.0,1.0,23.0,0.323943661971831,7.0,0.047337278106508875,7839.354838709677,271096.0,3301.0,245792.0,96038.0,6693.809523809524,3511.3142857142857,25778.0
4.0,21.0,4.0,13.0,1.0,2.0,0.15384615384615385,3.0,0.4444444444444444,1630.5,576628.0,396938.0,576628.0,28528.0,1630.5,48052.333333333336,422493.0
9.0,2012.0,37.0,1020.0,1.0,179.0,0.17549019607843136,322.0,0.3282520325203252,40985.81428571429,49172007.0,45093151.0,48010910.0,615265.0,18627.29411764706,47115.71148184495,27354.0
7.0,2101.0,41.0,1636.0,1.0,142.0,0.08679706601466992,43.0,0.09865470852017937,19672.858974358973,55063265.0,64407.0,55063265.0,221655.0,16926.85185185185,33677.8379204893,26224.0
7.0,430.0,23.0,122.0,1.0,46.0,0.3770491803278688,67.0,0.2328767123287671,10195.68,3034628.0,34545.0,665204.0,1673026.0,12071.07142857143,5497.553719008264,53614.0
5.0,358.0,25.0,222.0,1.0,31.0,0.13963963963963963,19.0,0.15037593984962405,2848.9285714285716,5613576.0,1616630.0,5613576.0,39162.0,6004.0,25400.796380090498,26150.0
5.0,101.0,5.0,88.0,1.0,3.0,0.03409090909090909,6.0,0.5,40058.6,69387247.0,105995.0,69387247.0,308507.0,37995.5,797554.5632183908,68214.0
8.0,743.0,32.0,355.0,1.0,76.0,0.2140845070422535,101.0,0.2649350649350649,117786.22602739726,36059485.0,11305203.0,27119780.0,344770.0,38432.57142857143,76609.54802259887,26731.0
8.0,432.0,32.0,120.0,2.0,33.0,0.275,17.0,0.06315789473684211,13127.056603773584,770443.0,152901.0,770443.0,186055.0,20498.576923076922,6474.310924369748,29150.0
9.0,727.0,60.0,203.0,1.0,45.0,0.22167487684729065,109.0,0.21235521235521235,34771.29245283019,32484910.0,439510.0,32484910.0,606280.0,59027.42592592593,160816.38613861386,42808.0
4.0,55.0,3.0,46.0,1.0,3.0,0.06521739130434782,0.0,0.1,15535.0,1024460.0,120615.0,1024460.0,32891.0,1868.0,22765.777777777777,148212.0
4.0,34.0,2.0,26.0,1.0,3.0,0.11538461538461539,2.0,0.375,2007.5,19440926.0,4387753.0,19440926.0,26022.0,43.0,777637.04,4413029.0
9.0,1546.0,77.0,721.0,1.0,136.0,0.18862690707350901,184.0,0.22839506172839505,346974.4014084507,9758598.0,0.0,9758598.0,8290532.0,1040858.9178082192,13553.608333333334,25990.0
8.0,1001.0,82.0,614.0,1.0,63.0,0.10260586319218241,51.0,0.14444444444444443,14692.023529411765,573111.0,7389.0,517792.0,243207.0,19417.516129032258,844.6851549755302,26656.0
4.0,72.0,11.0,48.0,1.0,8.0,0.16666666666666666,2.0,0.12,9247.0,27899273.0,4978.0,27873666.0,68454.0,18196.0,593056.7234042553,30199.0
6.0,772.0,23.0,684.0,1.0,32.0,0.04678362573099415,17.0,0.20930232558139536,18344.809523809523,114174803.0,63417088.0,114174803.0,102750.0,24327.583333333332,167166.62225475843,41485349.0
7.0,214.0,16.0,124.0,1.0,16.0,0.12903225806451613,26.0,0.3253012048192771,98058.92857142857,9740009.0,681940.0,9740009.0,716113.0,103882.38888888889,79187.06504065041,119847.0
8.0,4755.0,87.0,1504.0,1.0,327.0,0.21742021276595744,412.0,0.12898188632104934,20040.29574468085,12694935.0,11805208.0,12597713.0,227680.0,15771.153846153846,8381.711909514304,11314701.0
3.0,35.0,1.0,31.0,1.0,3.0,0.0967741935483871,0.0,0.2,0.0,438993.0,17366.0,386967.0,73114.0,0.0,12898.9,63294.0
7.0,1457.0,51.0,1016.0,1.0,138.0,0.13582677165354332,64.0,0.14942528735632185,9075.271844660194,8124116.0,4923252.0,8124116.0,137570.0,12359.333333333334,8004.055172413793,130996.0
13.0,35177.0,145.0,17520.0,1.0,3203.0,0.18281963470319634,3284.0,0.19862144023217848,38674.16717510677,17287963.0,3505588.0,16549672.0,383596.0,53487.58823529412,944.6699012500713,27266.0
5.0,51.0,2.0,42.0,1.0,5.0,0.11904761904761904,3.0,0.4,827.5,8843686.0,1161.0,8843686.0,26906.0,827.5,215699.65853658537,26642.0
4.0,120.0,21.0,68.0,1.0,9.0,0.1323529411764706,3.0,0.07547169811320754,12494.1,2737285.0,0.0,2386142.0,173544.0,33740.5,35614.05970149254,25221.0
4.0,30.0,5.0,21.0,1.0,2.0,0.09523809523809523,3.0,0.4,258.0,6366883.0,6255282.0,6255282.0,111601.0,258.0,312764.1,370634.0
3.0,12.0,1.0,9.0,1.0,2.0,0.2222222222222222,0.0,0.3333333333333333,0.0,13496475.0,132552.0,13496475.0,82988.0,0.0,1687059.375,215540.0
8.0,1295.0,31.0,573.0,1.0,117.0,0.20418848167539266,189.0,0.2649930264993027,86888.55960264901,19501211.0,8745646.0,19501211.0,536272.0,22716.55,34093.02622377622,26960.0
7.0,1895.0,40.0,1169.0,1.0,153.0,0.13088109495295125,108.0,0.15417256011315417,24672.146118721463,51379893.0,692748.0,51379893.0,1661853.0,44382.74074074074,43989.63441780822,94542.0
4.0,18.0,3.0,9.0,1.0,3.0,0.3333333333333333,0.0,0.1111111111111111,19872.0,294607.0,6751.0,230753.0,45179.0,19872.0,28844.125,32058.0
6.0,113.0,17.0,32.0,1.0,8.0,0.25,24.0,0.30864197530864196,40764.81081081081,758577.0,9485.0,193138.0,749092.0,62399.875,6230.258064516129,29794.0
4.0,55.0,4.0,42.0,1.0,4.0,0.09523809523809523,1.0,0.15384615384615385,5876.5,12533233.0,340182.0,12533233.0,40612.0,5876.5,305688.60975609755,67132.0
6.0,437.0,21.0,282.0,1.0,41.0,0.1453900709219858,38.0,0.2565789473684211,69602.94871794872,42532755.0,9135143.0,42532755.0,181288.0,28533.722222222223,151362.11743772242,26469.0
4.0,59.0,16.0,37.0,1.0,5.0,0.13513513513513514,14.0,0.6521739130434783,21.0,281600.0,20340.0,281600.0,27774.0,21.0,7822.222222222223,33016.0
8.0,569.0,72.0,180.0,1.0,39.0,0.21666666666666667,62.0,0.168,71751.79738562091,8659680.0,361811.0,8586179.0,1762365.0,175280.7931034483,47967.48044692737,66988.0
6.0,1351.0,87.0,811.0,1.0,113.0,0.13933415536374846,49.0,0.09765625,14149.483870967742,1753825.0,5285.0,1653159.0,41773.0,5466.523809523809,2040.937037037037,28543.0
11.0,1114.0,63.0,378.0,1.0,90.0,0.23809523809523808,197.0,0.27385892116182575,27795.736842105263,11301226.0,210664.0,11301226.0,434826.0,84424.0,29976.726790450928,27257.0
7.0,591.0,57.0,305.0,1.0,55.0,0.18032786885245902,41.0,0.15498154981549817,20195.559139784946,5095413.0,153258.0,5095413.0,732323.0,33725.208333333336,16761.22697368421,25413.0
4.0,53.0,2.0,45.0,1.0,5.0,0.1111111111111111,2.0,0.3333333333333333,139.0,679095.0,9116.0,397331.0,47272.0,139.0,9030.25,29340.0
6.0,345.0,54.0,125.0,1.0,12.0,0.096,50.0,0.2318181818181818,36504.01162790698,21462982.0,9311491.0,21437525.0,639760.0,145611.53333333333,172883.26612903227,3468984.0
10.0,159.0,6.0,111.0,7.0,11.0,0.0990990990990991,25.0,0.5777777777777777,52021.2,9414929.0,156940.0,9414929.0,79115.0,8409.05,85590.26363636364,57990.0
4.0,137.0,13.0,99.0,1.0,10.0,0.10101010101010101,3.0,0.10810810810810811,433.5,52766707.0,33129315.0,52766707.0,234850.0,260.0,538435.7857142857,77136.0
6.0,607.0,37.0,451.0,1.0,34.0,0.07538802660753881,15.0,0.1103448275862069,42325.58620689655,67848782.0,64150.0,67822596.0,226202.0,37099.27272727273,150716.88,25443.0
3.0,12.0,1.0,10.0,1.0,1.0,0.1,0.0,0.3333333333333333,0.0,1163828.0,28677.0,1163828.0,25672.0,0.0,129314.22222222222,54349.0
4.0,76.0,24.0,40.0,1.0,4.0,0.1,19.0,0.5882352941176471,172.0,10431675.0,19747.0,10431675.0,111414.0,20.0,267478.8461538461,44955.0
4.0,64.0,4.0,49.0,1.0,7.0,0.14285714285714285,0.0,0.0625,612.0,531167.0,227764.0,505246.0,27777.0,612.0,10525.958333333334,76881.0
7.0,102.0,17.0,31.0,1.0,6.0,0.1935483870967742,2.0,0.043478260869565216,52064.92592592593,1006129.0,1673.0,109798.0,123298.0,16483.69230769231,3659.9333333333334,25234.0
4.0,91.0,4.0,61.0,1.0,15.0,0.2459016393442623,5.0,0.1935483870967742,7405.428571428572,12372133.0,3077249.0,12372133.0,45318.0,19307.0,206202.21666666667,175081.0
5.0,1259.0,46.0,1010.0,1.0,66.0,0.06534653465346535,32.0,0.1375,33776.0,63618739.0,2902911.0,63618739.0,53217.0,10319.5,63051.2775024777,445980.0
4.0,13.0,6.0,4.0,1.0,1.0,0.25,1.0,0.2,13457.5,202334.0,150717.0,150717.0,51617.0,13457.5,50239.0,176160.0
9.0,2462.0,56.0,293.0,1.0,77.0,0.2627986348122867,539.0,0.25257249766136575,69236.7746031746,59069722.0,46493331.0,59069722.0,622365.0,65185.491228070176,202293.5684931507,24579908.0
5.0,1052.0,3.0,1023.0,2.0,19.0,0.01857282502443793,4.0,0.18518518518518517,24712.833333333332,101349727.0,28602936.0,101349727.0,57655.0,16609.0,99168.03033268102,28265342.0
3.0,96.0,1.0,93.0,1.0,2.0,0.021505376344086023,1.0,0.5,0.0,53036658.0,225.0,53036658.0,34461.0,0.0,576485.4130434783,34686.0
9.0,2484.0,62.0,657.0,1.0,174.0,0.2648401826484018,460.0,0.2616345062429058,64699.67253521127,33526676.0,31270238.0,33333767.0,250072.0,21871.567567567567,50813.66920731707,33156.0
5.0,37.0,6.0,22.0,1.0,3.0,0.13636363636363635,2.0,0.1875,45524.666666666664,272716.0,120412.0,238859.0,162679.0,45524.666666666664,11374.238095238095,115568.0
4.0,227.0,34.0,170.0,1.0,16.0,0.09411764705882353,11.0,0.21052631578947367,4512.25,30720752.0,0.0,30720752.0,16497399.0,5018.5,181779.5976331361,34148.0
3.0,9.0,1.0,7.0,1.0,1.0,0.14285714285714285,0.0,0.3333333333333333,0.0,153311.0,8265.0,153311.0,29888.0,0.0,25551.833333333332,38153.0
3.0,8.0,3.0,4.0,1.0,1.0,0.25,1.0,0.4,0.0,395282.0,13818.0,395282.0,73097.0,0.0,131760.66666666666,43032.0
3.0,9.0,7.0,1.0,1.0,1.0,1.0,1.0,0.25,0.0,29451.0,0.0,0.0,29451.0,0.0,0.0,25279.0
6.0,198.0,65.0,90.0,1.0,12.0,0.13333333333333333,21.0,0.205607476635514,47698.607142857145,2846930.0,88754.0,2821163.0,838270.0,47698.607142857145,31698.460674157304,51697.0
8.0,298.0,45.0,177.0,1.0,10.0,0.05649717514124294,27.0,0.23140495867768596,11892.0,41099142.0,9784.0,41099142.0,114336.0,13000.5,233517.85227272726,25322.0
4.0,93.0,3.0,76.0,1.0,10.0,0.13157894736842105,4.0,0.29411764705882354,144.0,339525.0,76956.0,339525.0,39764.0,144.0,4527.0,26014.0
7.0,847.0,47.0,448.0,1.0,72.0,0.16071428571428573,67.0,0.18732782369146006,167109.82236842104,51396038.0,32022967.0,51396038.0,289425.0,18223.78431372549,114979.95078299777,25226.0
6.0,194.0,3.0,170.0,3.0,11.0,0.06470588235294118,2.0,0.12,8468.875,18948155.0,175584.0,18948155.0,74182.0,13692.666666666666,112119.26035502959,47133.0
9.0,427.0,38.0,97.0,1.0,21.0,0.21649484536082475,86.0,0.2727272727272727,70731.38797814208,29430129.0,585736.0,29430129.0,875826.0,20431.558823529413,306563.84375,53933.0
8.0,175.0,16.0,68.0,5.0,17.0,0.25,41.0,0.3925233644859813,8641.09375,17722816.0,11571256.0,17722816.0,72351.0,6827.588235294118,264519.6417910448,25336.0
4.0,262.0,6.0,237.0,1.0,14.0,0.05907172995780591,8.0,0.375,37527.5,4711990.0,56888.0,4711990.0,333382.0,7688.0,19966.0593220339,25488.0
6.0,132.0,19.0,54.0,1.0,10.0,0.18518518518518517,21.0,0.2857142857142857,31399.4,796680.0,20952.0,191747.0,716708.0,49330.294117647056,3617.867924528302,30056.0
9.0,771.0,48.0,220.0,1.0,64.0,0.2909090909090909,121.0,0.22467771639042358,17576.31718061674,1265830.0,200.0,1004168.0,72830.0,8896.90909090909,4585.24200913242,25288.0
9.0,434.0,45.0,259.0,1.0,31.0,0.11969111969111969,36.0,0.21022727272727273,40489.05633802817,6179501.0,52406.0,1488561.0,6127095.0,52733.7,5769.616279069767,66972.0
5.0,292.0,11.0,181.0,1.0,35.0,0.19337016574585636,28.0,0.2636363636363636,20366.633333333335,20890377.0,424.0,20890377.0,47475.0,225.5,116057.65,25324.0
8.0,814.0,58.0,500.0,1.0,41.0,0.082,63.0,0.20317460317460317,41702.096,247609325.0,185819466.0,247609325.0,1224399.0,118153.67741935483,496211.07214428857,84447546.0
8.0,2440.0,44.0,1891.0,1.0,191.0,0.10100475938656796,52.0,0.10685483870967742,4689.628318584071,137263747.0,369105.0,137263747.0,85867.0,4571.25,72626.32116402117,47928.0
3.0,318.0,2.0,312.0,1.0,4.0,0.01282051282051282,0.0,0.16666666666666666,0.0,34994268.0,9247242.0,34994268.0,33228.0,0.0,112521.76205787782,111690.0
7.0,489.0,72.0,110.0,1.0,27.0,0.24545454545454545,40.0,0.1151685393258427,49191.958333333336,53268569.0,0.0,53268569.0,124345.0,6501.108108108108,488702.46788990824,25393.0
5.0,98.0,15.0,48.0,1.0,12.0,0.25,6.0,0.14583333333333334,369510.6153846154,29280858.0,39880.0,29255645.0,3328163.0,799902.8333333334,622460.5319148937,65897.0
10.0,1045.0,45.0,360.0,1.0,77.0,0.21388888888888888,72.0,0.1130030959752322,55326.43772241993,13571965.0,505552.0,13571965.0,3241058.0,25842.74074074074,37804.91643454039,95897.0
6.0,291.0,21.0,156.0,1.0,23.0,0.14743589743589744,26.0,0.19852941176470587,15700.545454545454,15567668.0,186942.0,15535428.0,44673.0,1782.6666666666667,100228.56774193549,36814.0
3.0,7.0,2.0,4.0,1.0,1.0,0.25,0.0,0.25,0.0,297950.0,94272.0,297950.0,25398.0,0.0,99316.66666666667,119491.0
11.0,2934.0,73.0,1023.0,1.0,235.0,0.22971652003910067,514.0,0.27148128624143386,376449.4876404494,43522732.0,29689903.0,43522732.0,11413182.0,269553.9423076923,42585.84344422701,1718023.0
6.0,219.0,10.0,162.0,1.0,9.0,0.05555555555555555,15.0,0.27586206896551724,1823.7222222222222,15013594.0,27729.0,15013594.0,40128.0,1970.3333333333333,93252.13664596273,52970.0
4.0,462.0,55.0,280.0,1.0,17.0,0.060714285714285714,25.0,0.1452513966480447,10514.7,10118022.0,81219.0,10118022.0,2212596.0,30407.0,36265.31182795699,25715.0
12.0,2007.0,67.0,775.0,1.0,160.0,0.2064516129032258,301.0,0.24896949711459193,120414.02879078695,26488066.0,109785.0,26488066.0,2037565.0,50827.530303030304,34222.30749354005,76615.0
6.0,729.0,18.0,486.0,1.0,46.0,0.09465020576131687,28.0,0.125,26036.5421686747,6571574.0,37934.0,6571574.0,86423.0,13112.833333333334,13549.637113402061,31469.0
6.0,437.0,83.0,94.0,1.0,17.0,0.18085106382978725,18.0,0.05555555555555555,27280.42105263158,1798290.0,1061854.0,1576181.0,310380.0,37325.11111111111,16948.182795698925,41246.0
8.0,642.0,53.0,181.0,1.0,38.0,0.20994475138121546,108.0,0.23956043956043957,35293.83050847457,14333715.0,2646842.0,14333715.0,828889.0,27412.924242424244,79631.75,351280.0
7.0,262.0,58.0,57.0,1.0,7.0,0.12280701754385964,50.0,0.2602040816326531,24405.802325581397,3119254.0,117.0,3035898.0,1075207.0,38680.92105263158,54212.46428571428,26826.0
4.0,163.0,27.0,116.0,1.0,10.0,0.08620689655172414,21.0,0.4583333333333333,610.6666666666666,6779041.0,1973.0,6779041.0,26352.0,403.0,58948.18260869565,25743.0
3.0,12.0,2.0,8.0,1.0,2.0,0.25,0.0,0.2,0.0,297845.0,56515.0,272547.0,28557.0,0.0,38935.28571428572,82256.0
3.0,27.0,3.0,23.0,1.0,1.0,0.043478260869565216,0.0,0.3333333333333333,0.0,1848219.0,241049.0,1848219.0,33174.0,0.0,84009.95454545454,266517.0
3.0,18.0,4.0,13.0,1.0,1.0,0.07692307692307693,0.0,0.16666666666666666,0.0,1128353.0,1101812.0,1101812.0,26541.0,0.0,91817.66666666667,1127289.0
10.0,393.0,19.0,232.0,1.0,33.0,0.14224137931034483,36.0,0.25170068027210885,20609.130434782608,36647429.0,25909208.0,36497146.0,370672.0,21475.884615384617,157996.30303030304,38368.0
8.0,361.0,84.0,95.0,1.0,10.0,0.10526315789473684,37.0,0.15079365079365079,214512.11111111112,3891792.0,58863.0,3859436.0,2300258.0,311211.4918032787,41057.82978723404,90863.0
8.0,348.0,71.0,35.0,1.0,10.0,0.2857142857142857,81.0,0.2611464968152866,90534.84810126582,24328223.0,36701.0,24328223.0,689351.0,52142.32258064516,715535.9705882353,63411.0
5.0,93.0,15.0,34.0,1.0,12.0,0.35294117647058826,10.0,0.19298245614035087,88756.72222222222,1676691.0,131.0,86457.0,37598.0,2251.1666666666665,2619.909090909091,25343.0
8.0,481.0,55.0,163.0,1.0,27.0,0.1656441717791411,88.0,0.279874213836478,60455.19083969466,21579715.0,12239.0,21551595.0,1155897.0,57907.49206349206,133034.53703703705,36466.0
4.0,43.0,11.0,22.0,1.0,4.0,0.18181818181818182,9.0,0.5,32.5,610149.0,81314.0,610149.0,58758.0,32.5,29054.714285714286,76449.0
9.0,925.0,61.0,290.0,1.0,55.0,0.1896551724137931,199.0,0.3194888178913738,45692.532608695656,62600548.0,61766758.0,62195085.0,379173.0,40242.34545454545,215207.90657439447,26142.0
4.0,65.0,4.0,44.0,1.0,6.0,0.13636363636363635,3.0,0.2,28966.14285714286,11154100.0,673715.0,11154100.0,75307.0,158.0,259397.67441860464,396713.0
3.0,114.0,6.0,103.0,1.0,5.0,0.04854368932038835,3.0,0.3333333333333333,0.0,33509714.0,22849753.0,33509714.0,173321.0,0.0,328526.60784313723,3871496.0
6.0,1280.0,8.0,1172.0,1.0,48.0,0.040955631399317405,21.0,0.22448979591836735,38807.38888888889,70437505.0,56894691.0,70437505.0,354372.0,67824.83333333333,60151.58411614005,204747.0
4.0,237.0,15.0,187.0,1.0,23.0,0.12299465240641712,2.0,0.061224489795918366,42583.0,45705412.0,30917854.0,45705412.0,109902.0,84688.0,245728.02150537635,30296.0
5.0,371.0,11.0,293.0,1.0,31.0,0.10580204778156997,15.0,0.21621621621621623,1770.888888888889,24073324.0,709029.0,24073324.0,26899.0,451.6666666666667,82442.8904109589,38125.0
8.0,303.0,45.0,127.0,1.0,26.0,0.2047244094488189,36.0,0.21264367816091953,20311.80821917808,5820853.0,89531.0,5790209.0,534309.0,23913.911111111112,45954.03968253968,44813.0
3.0,42.0,2.0,35.0,1.0,5.0,0.14285714285714285,1.0,0.25,0.0,96937046.0,59151117.0,96937046.0,25306.0,0.0,2851089.588235294,59176415.0
3.0,9.0,1.0,7.0,1.0,1.0,0.14285714285714285,0.0,0.3333333333333333,0.0,358073.0,267470.0,279093.0,90603.0,0.0,46515.5,358073.0
3.0,103.0,1.0,99.0,1.0,3.0,0.030303030303030304,0.0,0.2,0.0,24106700.0,115602.0,24106700.0,83437.0,0.0,245986.73469387754,199039.0
7.0,1010.0,75.0,596.0,1.0,52.0,0.087248322147651,75.0,0.18446601941747573,50372.854545454546,82815579.0,8627.0,82815579.0,41125.0,3143.4,139185.84705882354,25761.0
7.0,849.0,21.0,715.0,1.0,34.0,0.04755244755244755,26.0,0.2109375,16916.891304347828,77420687.0,0.0,77420687.0,318464.0,13781.1,108432.33473389356,51783.0
3.0,14.0,1.0,12.0,1.0,1.0,0.08333333333333333,0.0,0.3333333333333333,0.0,1305697.0,96841.0,1305697.0,25244.0,0.0,118699.72727272728,122085.0
8.0,515.0,50.0,192.0,1.0,20.0,0.10416666666666667,84.0,0.2631578947368421,34393.62295081967,21610561.0,37130.0,21610561.0,93141.0,16581.130434782608,113144.29842931937,62451.0
4.0,1188.0,3.0,1150.0,1.0,30.0,0.02608695652173913,2.0,0.08571428571428572,16012.0,20735955.0,343270.0,20735955.0,25944.0,452.0,18046.95822454308,315228.0
4.0,201.0,32.0,124.0,1.0,12.0,0.0967741935483871,6.0,0.08974358974358974,152509.0,36762073.0,168518.0,36762073.0,47774.0,1092.0,298878.64227642276,72551.0
10.0,196.0,45.0,88.0,6.0,7.0,0.07954545454545454,48.0,0.45794392523364486,18585.64367816092,3287218.0,157697.0,3287218.0,184947.0,18577.86046511628,37784.11494252874,25949.0
6.0,1027.0,62.0,704.0,2.0,62.0,0.08806818181818182,21.0,0.07166123778501629,13784.426573426574,14592693.0,40102.0,14592693.0,122210.0,8017.5,20757.74253200569,25659.0
4.0,109.0,17.0,79.0,1.0,9.0,0.11392405063291139,0.0,0.034482758620689655,315.0,49512976.0,49297030.0,49320594.0,26057.0,396.0,632315.3076923077,25619.0
5.0,179.0,4.0,129.0,1.0,22.0,0.17054263565891473,10.0,0.22448979591836735,859.4,44156352.0,23264923.0,44156352.0,28150.0,1325.5,344971.5,25268.0
2.0,6.0,0.0,5.0,0.0,0.0,0.0,0.0,0.5,0.0,21123028.0,0.0,21123028.0,0.0,0.0,5280757.0,0.0
5.0,165.0,4.0,141.0,1.0,11.0,0.07801418439716312,0.0,0.04,1928.0,419210.0,71187.0,419210.0,31655.0,606.0,2994.3571428571427,90805.0
7.0,204.0,19.0,37.0,1.0,14.0,0.3783783783783784,46.0,0.281437125748503,33498.69736842105,1354737.0,251923.0,570279.0,186053.0,27254.41379310345,15841.083333333334,195799.0
7.0,54.0,25.0,1.0,1.0,1.0,1.0,10.0,0.2037037037037037,20243.40740740741,108107.0,0.0,0.0,108107.0,20243.40740740741,0.0,25412.0
5.0,513.0,81.0,317.0,1.0,37.0,0.1167192429022082,42.0,0.22631578947368422,33185.913043478264,31877603.0,23816.0,31877603.0,38434.0,3221.714285714286,100878.49050632911,29189.0
4.0,92.0,3.0,79.0,1.0,8.0,0.10126582278481013,3.0,0.2857142857142857,250.0,52304970.0,6233.0,52304970.0,25471.0,250.0,670576.5384615385,34559.0
6.0,1574.0,26.0,1226.0,1.0,121.0,0.09869494290375204,50.0,0.15454545454545454,122393.71666666666,76330383.0,56237703.0,76304462.0,89633.0,16153.2,62289.35673469388,57313.0
4.0,35.0,5.0,26.0,1.0,2.0,0.07692307692307693,2.0,0.3,412.5,16627621.0,270033.0,16627621.0,87879.0,412.5,665104.84,295250.0
3.0,22.0,1.0,19.0,1.0,2.0,0.10526315789473684,0.0,0.25,0.0,166340.0,4495.0,166340.0,37519.0,0.0,9241.111111111111,36579.0
5.0,242.0,10.0,183.0,1.0,19.0,0.10382513661202186,3.0,0.06896551724137931,10811.066666666668,41673708.0,16048488.0,41673708.0,27494.0,661.6666666666666,228976.41758241758,101460.0
5.0,26.0,3.0,14.0,1.0,5.0,0.35714285714285715,3.0,0.3076923076923077,18539.333333333332,42262284.0,4020.0,42234805.0,111758.0,26679.5,3248831.153846154,29263.0
3.0,39.0,7.0,31.0,1.0,1.0,0.03225806451612903,0.0,0.125,0.0,2136330.0,952497.0,2136330.0,37812.0,0.0,71211.0,977772.0
7.0,398.0,45.0,219.0,1.0,28.0,0.1278538812785388,44.0,0.25280898876404495,167912.94444444444,7980412.0,220744.0,7951661.0,6929971.0,265857.45454545453,36475.50917431193,105842.0
10.0,1086.0,61.0,549.0,1.0,90.0,0.16393442622950818,60.0,0.11753371868978806,30397.32911392405,33762940.0,32492760.0,32614270.0,295960.0,32236.61971830986,59515.09124087591,36107.0
9.0,2435.0,52.0,1024.0,1.0,180.0,0.17578125,249.0,0.17806267806267806,30009.884393063585,43463527.0,12679900.0,41381708.0,40220.0,680.875,40451.327468230695,11702613.0
10.0,293.0,32.0,60.0,1.0,11.0,0.18333333333333332,76.0,0.35648148148148145,44880.95890410959,6059956.0,2609.0,6059956.0,203371.0,11483.103448275862,102711.1186440678,25287.0
4.0,41.0,15.0,22.0,1.0,2.0,0.09090909090909091,12.0,0.65,38.0,598218.0,204378.0,598218.0,26769.0,38.0,28486.571428571428,229607.0
7.0,1333.0,54.0,828.0,1.0,72.0,0.08695652173913043,160.0,0.33402489626556015,16558.696202531646,24833344.0,23487.0,24833344.0,870637.0,30949.29411764706,30028.22732769045,25256.0
7.0,259.0,42.0,95.0,1.0,11.0,0.11578947368421053,8.0,0.05625,5375623.870588236,54312623.0,110733.0,5079897.0,33643486.0,4104580.92,54041.45744680851,71071.0
5.0,55.0,13.0,33.0,1.0,2.0,0.06060606060606061,4.0,0.25,48679.2,2383553.0,48.0,2383553.0,246316.0,48679.2,74486.03125,25277.0
2.0,16.0,0.0,15.0,0.0,0.0,0.0,0.0,0.5,0.0,1893863.0,0.0,1893863.0,0.0,0.0,135275.92857142858,0.0
9.0,982.0,44.0,367.0,1.0,53.0,0.1444141689373297,137.0,0.22885572139303484,28126.847619047618,20335642.0,25483.0,20255188.0,180622.0,8748.14705882353,55342.043715846994,54278.0
6.0,94.0,12.0,32.0,2.0,9.0,0.28125,14.0,0.24193548387096775,13827.818181818182,2491587.0,39619.0,2465291.0,143288.0,19105.956521739132,79525.51612903226,38000.0
4.0,360.0,4.0,349.0,1.0,4.0,0.011461318051575931,1.0,0.18181818181818182,72.0,73211575.0,78030.0,73211575.0,333487.0,72.0,210378.08908045976,45673.0
3.0,29.0,1.0,27.0,1.0,1.0,0.037037037037037035,0.0,0.3333333333333333,0.0,384646.0,8636.0,384646.0,26597.0,0.0,14794.076923076924,35233.0
5.0,222.0,9.0,169.0,1.0,14.0,0.08284023668639054,11.0,0.2222222222222222,12808.0,58215193.0,5397.0,58215193.0,84964.0,14908.0,346519.00595238095,30767.0
3.0,24.0,5.0,15.0,1.0,3.0,0.2,1.0,0.2,0.0,4109001.0,0.0,4109001.0,27510.0,0.0,293500.0714285714,25215.0
5.0,46.0,4.0,30.0,2.0,5.0,0.16666666666666666,2.0,0.25,74072.0,17360619.0,82359.0,17360619.0,42108.0,1039.6,598642.0344827586,28317.0
7.0,218.0,25.0,74.0,1.0,15.0,0.20270270270270271,38.0,0.2746478873239437,12410.512195121952,1165493.0,90257.0,1139439.0,247264.0,15003.0625,15608.753424657534,38302.0
5.0,58.0,8.0,34.0,1.0,6.0,0.17647058823529413,7.0,0.36363636363636365,10620.6,274901.0,174.0,274901.0,72238.0,13190.75,8330.333333333334,25424.0
7.0,437.0,39.0,238.0,1.0,31.0,0.13025210084033614,33.0,0.18181818181818182,20149.05128205128,36542573.0,50590.0,36542573.0,219392.0,19460.574468085106,154188.0717299578,77363.0
7.0,455.0,10.0,358.0,1.0,30.0,0.08379888268156424,24.0,0.2631578947368421,9782.88,39887930.0,339187.0,39887930.0,130503.0,10644.0,111730.89635854341,27069.0
5.0,381.0,86.0,266.0,1.0,13.0,0.04887218045112782,13.0,0.12962962962962962,5637.454545454545,45026027.0,44.0,45026027.0,30428.0,1043.0,169909.5358490566,25391.0
5.0,77.0,18.0,40.0,1.0,7.0,0.175,11.0,0.3157894736842105,24437.5,6573188.0,103513.0,6573188.0,138042.0,34553.71428571428,168543.28205128206,79272.0
5.0,491.0,20.0,367.0,1.0,34.0,0.09264305177111716,21.0,0.2037037037037037,10881.083333333334,47575367.0,415315.0,47543312.0,79159.0,23329.8,129899.75956284153,287656.0
4.0,181.0,34.0,129.0,1.0,8.0,0.06201550387596899,9.0,0.2,3544.75,24779176.0,1885.0,24779176.0,36298.0,4163.333333333333,193587.3125,25503.0
7.0,774.0,42.0,530.0,1.0,53.0,0.1,53.0,0.2231404958677686,25718.924242424244,27312257.0,8788204.0,27312257.0,579190.0,33704.23809523809,51629.97542533081,354725.0
4.0,99.0,31.0,9.0,1.0,4.0,0.4444444444444444,0.0,0.01098901098901099,9778.111111111111,20516183.0,1410978.0,20487890.0,102379.0,18098.0,2560986.25,1436198.0
6.0,673.0,22.0,468.0,1.0,52.0,0.1111111111111111,48.0,0.2552083333333333,4178.63829787234,26855366.0,72526.0,26855366.0,352399.0,687.6666666666666,57506.13704496788,30135.0
5.0,40.0,5.0,20.0,3.0,6.0,0.3,0.0,0.047619047619047616,15529.666666666666,10401573.0,42449.0,10375974.0,134109.0,15529.666666666666,546103.8947368421,26641.0
3.0,7.0,1.0,5.0,1.0,1.0,0.2,0.0,0.3333333333333333,0.0,244900.0,66559.0,244900.0,35922.0,0.0,61225.0,102481.0
5.0,500.0,21.0,416.0,1.0,23.0,0.055288461538461536,11.0,0.14457831325301204,12652.0,65801023.0,274636.0,65775096.0,2098224.0,2808.0,158494.20722891565,25431.0
3.0,293.0,2.0,265.0,1.0,26.0,0.09811320754716982,1.0,0.07142857142857142,0.0,88141609.0,35008944.0,88116080.0,28365.0,0.0,333773.0303030303,28365.0
6.0,123.0,10.0,75.0,1.0,7.0,0.09333333333333334,10.0,0.22448979591836735,9344.846153846154,2003820.0,29159.0,2003820.0,160652.0,5976.5,27078.64864864865,54430.0
10.0,1011.0,39.0,595.0,1.0,75.0,0.12605042016806722,100.0,0.24396135265700483,30981.62721893491,46356343.0,86131.0,46356343.0,1589142.0,89800.02631578948,78040.98148148147,30461.0
9.0,1627.0,54.0,455.0,1.0,121.0,0.26593406593406593,240.0,0.2101133391455972,92116.34426229508,14035459.0,674516.0,14009907.0,855977.0,89108.24489795919,30858.825991189427,42094.0
3.0,97.0,2.0,92.0,1.0,3.0,0.03260869565217391,0.0,0.16666666666666666,0.0,19422439.0,42564.0,19422439.0,103398.0,0.0,213433.3956043956,123143.0
3.0,22.0,4.0,17.0,1.0,1.0,0.058823529411764705,2.0,0.5,0.0,15246578.0,475.0,15246578.0,25711.0,0.0,952911.125,25897.0
3.0,14.0,1.0,12.0,1.0,1.0,0.08333333333333333,0.0,0.5,0.0,15596382.0,15596382.0,15596382.0,0.0,0.0,1417852.9090909092,0.0
2.0,2.0,0.0,1.0,0.0,0.0,0.0,0.0,0.5,0.0,0.0,0.0,0.0,0.0,0.0,0.0,0.0
7.0,518.0,15.0,262.0,1.0,74.0,0.2824427480916031,77.0,0.30952380952380953,10678.792682926829,13212449.0,11656.0,13171165.0,79462.0,12421.1875,50464.23371647509,25566.0
6.0,217.0,5.0,156.0,1.0,20.0,0.1282051282051282,20.0,0.3387096774193548,15808.631578947368,22605529.0,90437.0,22605529.0,122205.0,1051.75,145842.12258064517,25641.0
5.0,21.0,6.0,9.0,1.0,1.0,0.1111111111111111,4.0,0.38461538461538464,9893.6,8207628.0,6449272.0,8207628.0,116508.0,9893.6,1025953.5,6474902.0
7.0,795.0,39.0,440.0,1.0,64.0,0.14545454545454545,31.0,0.09785932721712538,19222.623376623378,33987959.0,18513699.0,33987959.0,5814342.0,15764.761904761905,77421.31890660593,8806533.0
3.0,13.0,2.0,9.0,1.0,2.0,0.2222222222222222,0.0,0.2,0.0,118912092.0,118878202.0,118883076.0,25387.0,0.0,14860384.5,103252348.0
3.0,49.0,1.0,43.0,1.0,5.0,0.11627906976744186,1.0,0.2857142857142857,0.0,3520703.0,2271.0,3520703.0,25336.0,0.0,83826.26190476191,27607.0
5.0,195.0,10.0,117.0,1.0,23.0,0.19658119658119658,25.0,0.33766233766233766,6658.888888888889,3294303.0,106393.0,3294303.0,30106.0,748.4285714285714,28399.16379310345,27741.0
8.0,626.0,68.0,251.0,1.0,34.0,0.13545816733067728,102.0,0.27540106951871657,142734.5243902439,31452006.0,19362449.0,31452006.0,1252396.0,61915.890410958906,125808.024,8562672.0
4.0,641.0,3.0,615.0,1.0,13.0,0.02113821138211382,6.0,0.2692307692307692,73966.5,61110196.0,290910.0,61110196.0,57061.0,7197.0,99528.00651465799,316400.0
7.0,1494.0,20.0,1229.0,2.0,82.0,0.06672091131000814,42.0,0.17063492063492064,45533.28571428572,94666128.0,19317515.0,94637697.0,161469.0,17700.0,77066.52850162867,44871.0
4.0,142.0,7.0,93.0,1.0,15.0,0.16129032258064516,3.0,0.0851063829787234,97440.9,1742860.0,14840.0,1742860.0,27844.0,115.5,18944.130434782608,28242.0
7.0,486.0,44.0,181.0,1.0,54.0,0.2983425414364641,70.0,0.23905723905723905,10321.924528301886,758117.0,74685.0,758117.0,231447.0,16140.961538461539,4211.761111111111,25322.0
8.0,1221.0,84.0,607.0,1.0,63.0,0.10378912685337727,70.0,0.12633451957295375,93502.98717948717,26288822.0,9419655.0,26288822.0,1347020.0,46361.625,43380.894389438945,29315.0
7.0,298.0,31.0,195.0,1.0,10.0,0.05128205128205128,23.0,0.23076923076923078,464298.3333333333,86356242.0,10969083.0,86356242.0,20460564.0,473569.96,445135.26804123714,10998266.0
10.0,841.0,48.0,219.0,1.0,49.0,0.2237442922374429,155.0,0.25870646766169153,35202.682857142856,1499836.0,23363.0,1499836.0,292016.0,35065.96103896104,6879.981651376147,52577.0
9.0,1870.0,46.0,979.0,1.0,223.0,0.22778345250255363,216.0,0.246311010215664,65327.20754716981,65145090.0,2546606.0,65145090.0,681988.0,105510.14925373135,66610.52147239263,26799.0
4.0,26.0,2.0,20.0,1.0,3.0,0.15,1.0,0.2857142857142857,6183.0,1220847.0,53990.0,1220847.0,31532.0,6183.0,64255.10526315789,79228.0
4.0,23.0,7.0,9.0,1.0,3.0,0.3333333333333333,2.0,0.23076923076923078,105.0,2292754.0,320634.0,2292754.0,27704.0,53.0,286594.25,47417.0
4.0,188.0,9.0,158.0,1.0,12.0,0.0759493670886076,3.0,0.12903225806451613,165.33333333333334,70879179.0,48991634.0,70879179.0,30284.0,13.0,451459.7388535032,105192.0
7.0,1429.0,28.0,1004.0,1.0,95.0,0.0946215139442231,66.0,0.15876777251184834,15197.0,82075535.0,16017037.0,82075535.0,146520.0,21517.0,81830.04486540379,25345.0
3.0,22.0,11.0,8.0,1.0,3.0,0.375,0.0,0.06666666666666667,0.0,427084.0,346495.0,360625.0,29042.0,0.0,51517.857142857145,43459.0
6.0,28.0,13.0,6.0,1.0,1.0,0.16666666666666666,3.0,0.17391304347826086,34538.625,2606308.0,25150.0,2606308.0,162302.0,34538.625,521261.6,50540.0
5.0,644.0,52.0,446.0,1.0,43.0,0.09641255605381166,31.0,0.16580310880829016,26097.469387755104,41845904.0,6697.0,41845904.0,133652.0,12041.85,94035.7393258427,26414.0
10.0,1814.0,50.0,588.0,1.0,153.0,0.2602040816326531,293.0,0.24317617866004962,32581.043557168785,2889307.0,171374.0,1216404.0,173525.0,13992.815789473685,2072.2385008517886,61923.0
4.0,93.0,11.0,58.0,1.0,7.0,0.1206896551724138,3.0,0.11764705882352941,1750.0,31976526.0,4630926.0,31976526.0,8871411.0,1750.0,560991.6842105263,119736.0
3.0,3.0,1.0,1.0,1.0,1.0,1.0,0.0,0.3333333333333333,0.0,25748.0,0.0,0.0,25748.0,0.0,0.0,25748.0
5.0,277.0,7.0,208.0,1.0,29.0,0.13942307692307693,7.0,0.11764705882352941,1022.3,83676043.0,7944853.0,83647264.0,29810.0,270.5,404093.0628019324,498991.0
8.0,1435.0,80.0,551.0,1.0,62.0,0.11252268602540835,132.0,0.15079365079365079,10990.531073446327,92193721.0,16899096.0,92193721.0,79862.0,4048.323529411765,167624.94727272727,36071.0
9.0,861.0,60.0,246.0,1.0,82.0,0.3333333333333333,47.0,0.07804878048780488,29546.08273381295,108389154.0,14034989.0,108389154.0,314014.0,12781.542857142857,442404.7102040816,25275.0
12.0,2414.0,78.0,800.0,1.0,160.0,0.2,317.0,0.19887429643527205,18259.45795795796,304317082.0,282868425.0,304317082.0,109175.0,18607.867924528302,380872.44305381726,26554992.0
6.0,83.0,5.0,51.0,1.0,8.0,0.1568627450980392,6.0,0.22580645161290322,9321.923076923076,320779638.0,299398924.0,320779638.0,81668.0,9719.818181818182,6415592.76,213842201.0
5.0,91.0,11.0,30.0,1.0,18.0,0.6,12.0,0.21666666666666667,16386.5,34837128.0,5212679.0,34837128.0,26644.0,0.0,1201280.2758620689,100577.0
6.0,1808.0,87.0,849.0,1.0,120.0,0.1413427561837456,110.0,0.12091503267973856,29311.963730569947,338123889.0,315339523.0,338097410.0,156418.0,17632.375,398699.7759433962,63447926.0
3.0,11.0,3.0,7.0,1.0,1.0,0.14285714285714285,3.0,0.8,0.0,20915552.0,19526086.0,20915552.0,32574.0,0.0,3485925.3333333335,19551409.0
2.0,17.0,0.0,16.0,0.0,0.0,0.0,0.0,0.5,0.0,31726657.0,0.0,31726657.0,0.0,0.0,2115110.466666667,0.0
4.0,86.0,8.0,71.0,1.0,5.0,0.07042253521126761,2.0,0.2,939.0,320590416.0,70020997.0,320590416.0,40047.0,939.0,4579863.085714285,70046229.0
4.0,45.0,2.0,35.0,2.0,6.0,0.17142857142857143,1.0,0.18181818181818182,1490.5,34180440.0,3221935.0,34155133.0,28705.0,1490.5,1004562.7352941176,232329.0
5.0,299.0,11.0,263.0,1.0,5.0,0.019011406844106463,4.0,0.14705882352941177,78376.61538461539,38973193.0,837.0,38973193.0,26680.0,400.8,148752.64503816795,25924.0
6.0,2401.0,88.0,1012.0,1.0,206.0,0.20355731225296442,236.0,0.17400881057268722,21738.597156398104,383652.0,90711.0,181167.0,115485.0,6676.333333333333,179.1958456973294,28120.0
7.0,1332.0,84.0,1016.0,1.0,40.0,0.03937007874015748,56.0,0.18627450980392157,22713.377049180326,89603674.0,1537532.0,89603674.0,277437.0,23432.942857142858,88279.48177339902,64556.0
7.0,547.0,27.0,238.0,1.0,43.0,0.18067226890756302,48.0,0.1590909090909091,23470.754901960783,302821141.0,289980497.0,302821141.0,290122.0,36237.13043478261,1277726.3333333333,214222869.0
7.0,471.0,28.0,285.0,1.0,25.0,0.08771929824561403,21.0,0.11764705882352941,21794.0,302033782.0,21550718.0,302033782.0,170173.0,29210.714285714286,1063499.2323943663,21452739.0
7.0,2791.0,82.0,1018.0,1.0,167.0,0.16404715127701375,148.0,0.08451503119682359,176724.32289156626,30158424.0,7885651.0,30091619.0,174078.0,9731.40909090909,29588.612586037365,118626.0
3.0,45.0,12.0,22.0,1.0,5.0,0.22727272727272727,3.0,0.16666666666666666,0.0,33563301.0,14526281.0,33563301.0,99758.0,0.0,1598252.4285714286,14531945.0
4.0,168.0,15.0,78.0,1.0,28.0,0.358974358974359,16.0,0.18888888888888888,3772.0833333333335,311711986.0,250981408.0,311711986.0,30255.0,504.3333333333333,4048207.6103896103,124102139.0
4.0,37.0,3.0,30.0,1.0,3.0,0.1,0.0,0.125,853.0,233472376.0,113542842.0,233446110.0,26634.0,853.0,8049865.862068965,112927308.0
8.0,2672.0,78.0,968.0,1.0,166.0,0.17148760330578514,371.0,0.22011834319526627,555689.6852173914,87057180.0,83854409.0,87031303.0,69779818.0,4752075.6034482755,90001.3474663909,2011699.0
7.0,2745.0,85.0,1030.0,1.0,221.0,0.2145631067961165,144.0,0.08564678086237448,10211.488599348535,267174898.0,168124572.0,267174898.0,103723.0,126.72727272727273,259645.1875607386,30360.0
3.0,10.0,1.0,7.0,1.0,2.0,0.2857142857142857,0.0,0.25,0.0,120124.0,90170.0,120124.0,25465.0,0.0,20020.666666666668,115635.0
4.0,26.0,1.0,22.0,1.0,2.0,0.09090909090909091,0.0,0.2,6050805.0,137082008.0,52369003.0,131005989.0,6076019.0,6050805.0,6238380.428571428,52395435.0
3.0,14.0,2.0,9.0,1.0,3.0,0.3333333333333333,1.0,0.3333333333333333,0.0,14944630.0,4.0,14944630.0,35101.0,0.0,1868078.75,28607.0
6.0,1365.0,33.0,1024.0,1.0,109.0,0.1064453125,34.0,0.1023391812865497,3704.1509433962265,62936603.0,29629.0,62910973.0,44487.0,4667.5,61496.5522971652,26053.0
3.0,15.0,1.0,13.0,1.0,1.0,0.07692307692307693,0.0,0.3333333333333333,0.0,17781328.0,0.0,17781328.0,25732.0,0.0,1481777.3333333333,25732.0
3.0,26.0,2.0,22.0,1.0,2.0,0.09090909090909091,1.0,0.4,0.0,194181769.0,105096200.0,194181769.0,26443.0,0.0,9246750.904761905,105122058.0
12.0,18133.0,93.0,3913.0,1.0,834.0,0.21313570150779454,1908.0,0.14222917597973475,31301.430522088354,19132427.0,5583019.0,18951060.0,702921.0,28012.05172413793,4844.340490797546,25209.0
2.0,5.0,0.0,4.0,0.0,0.0,0.0,0.0,0.5,0.0,146319706.0,0.0,146319706.0,0.0,0.0,48773235.333333336,0.0
7.0,1451.0,19.0,1312.0,1.0,31.0,0.023628048780487805,16.0,0.12318840579710146,27635.272727272728,290819320.0,271840506.0,290819320.0,426977.0,28811.639344262294,221830.14492753622,24982427.0
8.0,120.0,25.0,12.0,1.0,5.0,0.4166666666666667,40.0,0.38317757009345793,71213.15789473684,34073236.0,31782314.0,32929019.0,2290922.0,79738.32835820895,2993547.1818181816,9851419.0
10.0,2915.0,79.0,1465.0,1.0,225.0,0.15358361774744028,185.0,0.13566739606126915,34021.45742092458,176134441.0,112323527.0,176134441.0,291071.0,26765.653846153848,120310.41051912568,30594.0
3.0,38.0,1.0,36.0,1.0,1.0,0.027777777777777776,0.0,0.3333333333333333,0.0,289872878.0,262405732.0,289872878.0,25224.0,0.0,8282082.228571429,262430956.0
8.0,38.0,12.0,16.0,1.0,3.0,0.1875,6.0,0.30434782608695654,13785.833333333334,337710.0,0.0,323469.0,337710.0,13785.833333333334,21564.6,25218.0
2.0,4.0,0.0,3.0,0.0,0.0,0.0,0.0,0.5,0.0,188121461.0,0.0,188121461.0,0.0,0.0,94060730.5,0.0
3.0,20.0,5.0,12.0,1.0,2.0,0.16666666666666666,1.0,0.2222222222222222,0.0,163672.0,246.0,163672.0,75158.0,0.0,14879.272727272728,25498.0
3.0,7.0,1.0,5.0,1.0,1.0,0.2,0.0,0.3333333333333333,0.0,162910284.0,0.0,162910284.0,1422313.0,0.0,40727571.0,1422313.0
3.0,3.0,1.0,1.0,1.0,1.0,1.0,0.0,0.3333333333333333,0.0,25588.0,0.0,0.0,25588.0,0.0,0.0,25588.0
3.0,4.0,2.0,1.0,1.0,1.0,1.0,0.0,0.25,0.0,2283990.0,0.0,0.0,2283990.0,0.0,0.0,25450.0
7.0,666.0,85.0,444.0,1.0,31.0,0.06981981981981981,46.0,0.22705314009661837,73361.4375,308751177.0,281467694.0,308751177.0,834590.0,161093.42857142858,696955.2528216704,33674653.0
4.0,55.0,3.0,45.0,1.0,5.0,0.1111111111111111,0.0,0.09090909090909091,731.0,37764321.0,1756924.0,37764321.0,25988.0,731.0,858280.0227272727,63707.0
5.0,96.0,11.0,75.0,1.0,3.0,0.04,3.0,0.18181818181818182,1710.0,2704803.0,0.0,2704803.0,29109.0,1710.0,36551.39189189189,25453.0
8.0,426.0,28.0,181.0,1.0,27.0,0.14917127071823205,16.0,0.07657657657657657,23645.701923076922,104157518.0,80127259.0,104157518.0,412476.0,37260.0,578652.8777777777,74556485.0
6.0,1859.0,25.0,1536.0,1.0,47.0,0.030598958333333332,58.0,0.1891025641025641,952.6666666666666,288366699.0,82622976.0,288138865.0,25955.0,242.75,187712.61563517916,45046847.0
7.0,2181.0,69.0,1219.0,1.0,161.0,0.1320754716981132,104.0,0.11375947995666305,55904.06153846154,200543696.0,195273630.0,200224551.0,105809.0,21415.571428571428,164387.97290640394,404993.0
4.0,10.0,5.0,2.0,1.0,1.0,0.5,0.0,0.125,13479.0,5350656.0,0.0,5350656.0,52496.0,13479.0,5350656.0,25347.0
3.0,133.0,4.0,123.0,1.0,3.0,0.024390243902439025,1.0,0.2222222222222222,0.0,37092975.0,47783.0,37067053.0,30851.0,0.0,303828.3032786885,66136.0
4.0,183.0,13.0,126.0,1.0,17.0,0.1349206349206349,13.0,0.2413793103448276,2682.0,256058131.0,125284839.0,256058131.0,25553.0,156.0,2048465.048,61372547.0
7.0,1422.0,37.0,1047.0,1.0,104.0,0.09933142311365807,35.0,0.0967741935483871,17872.103773584906,230841423.0,91888508.0,230841423.0,95753.0,9398.9,220689.69694072657,46927.0
3.0,8.0,4.0,3.0,1.0,1.0,0.3333333333333333,0.0,0.16666666666666666,0.0,15123233.0,15096872.0,15096872.0,26361.0,0.0,7548436.0,15122132.0
6.0,81.0,13.0,43.0,1.0,11.0,0.2558139534883721,3.0,0.10256410256410256,10300.0,275440328.0,253364236.0,275440328.0,138476.0,12918.0,6558103.047619048,30008239.0
3.0,40.0,1.0,38.0,1.0,1.0,0.02631578947368421,0.0,0.3333333333333333,0.0,250038535.0,60567189.0,250038535.0,28468.0,0.0,6757798.243243244,60595657.0
3.0,20.0,1.0,17.0,1.0,2.0,0.11764705882352941,1.0,0.5,0.0,240252162.0,0.0,240252162.0,25887.0,0.0,15015760.125,25887.0
10.0,10818.0,89.0,2813.0,1.0,596.0,0.2118734447209385,1176.0,0.15444167432095526,44363.79556328839,122372053.0,108381010.0,122346846.0,276146.0,21472.522727272728,43508.83570412518,1058053.0
8.0,100.0,25.0,5.0,1.0,3.0,0.6,38.0,0.4148936170212766,79738.32835820895,14555802.0,12264880.0,12264880.0,2290922.0,79738.32835820895,3066220.0,25296.0
4.0,40.0,5.0,24.0,1.0,6.0,0.25,3.0,0.23529411764705882,414.0,315731664.0,119085326.0,315731664.0,26577.0,414.0,13727463.652173912,64686269.0
3.0,16.0,2.0,12.0,1.0,2.0,0.16666666666666666,0.0,0.2,0.0,10179301.0,63160.0,10179301.0,25290.0,0.0,925391.0,25290.0
5.0,40.0,5.0,21.0,1.0,8.0,0.38095238095238093,0.0,0.05,16761.5,278066769.0,124078328.0,278041528.0,266537.0,21979.333333333332,13902076.4,124103543.0
4.0,78.0,3.0,65.0,1.0,6.0,0.09230769230769231,2.0,0.21428571428571427,2958.0,167242989.0,19206.0,167242989.0,30005.0,2958.0,2613171.703125,44503.0
3.0,4.0,1.0,2.0,1.0,1.0,0.5,0.0,0.3333333333333333,0.0,19866374.0,0.0,19866374.0,372338.0,0.0,19866374.0,372338.0
11.0,4001.0,84.0,1271.0,1.0,277.0,0.2179386309992132,307.0,0.11746758199847444,115106.77025392986,339440383.0,331145816.0,339440383.0,4594874.0,17670.0,267275.89212598425,64770288.0
3.0,22.0,1.0,20.0,1.0,1.0,0.05,1.0,0.6666666666666666,0.0,63027060.0,0.0,121536.0,63027060.0,0.0,6396.631578947368,63027060.0
4.0,39.0,6.0,25.0,1.0,4.0,0.16,0.0,0.07142857142857142,25719.5,4661570.0,3278040.0,4478585.0,194959.0,25719.5,186607.70833333334,3303251.0
4.0,320.0,90.0,136.0,1.0,20.0,0.14705882352941177,17.0,0.10344827586206896,2444.8888888888887,305126527.0,126786029.0,305082296.0,67213.0,962.4,2259868.8592592594,125169414.0
6.0,1605.0,77.0,685.0,1.0,138.0,0.20145985401459854,58.0,0.0641304347826087,36152.45652173913,136219485.0,69559795.0,136219485.0,317609.0,11041.40909090909,199151.29385964913,25227.0
3.0,43.0,1.0,38.0,1.0,4.0,0.10526315789473684,1.0,0.3333333333333333,0.0,124223621.0,1197.0,124223621.0,25275.0,0.0,3357395.1621621624,26472.0
7.0,482.0,48.0,154.0,1.0,35.0,0.22727272727272727,46.0,0.14329268292682926,31486.48148148148,290758836.0,178594307.0,290758836.0,2506432.0,25327.685714285715,1900384.549019608,5685264.0
7.0,2822.0,52.0,1711.0,1.0,305.0,0.1782583284628872,145.0,0.13773584905660377,20644.764192139737,209847287.0,34491496.0,209847287.0,31450.0,986.3333333333334,122717.71169590643,26457.0
3.0,19.0,2.0,15.0,1.0,2.0,0.13333333333333333,0.0,0.2,0.0,27605954.0,248945.0,27605954.0,26160.0,0.0,1971853.857142857,26160.0
4.0,67.0,6.0,55.0,1.0,3.0,0.05454545454545454,2.0,0.23076923076923078,283.3333333333333,5450479.0,538.0,5450479.0,25717.0,251.0,100934.79629629629,25228.0
4.0,43.0,5.0,24.0,1.0,5.0,0.20833333333333334,3.0,0.21052631578947367,770.0,285678158.0,129572239.0,285678158.0,28888.0,770.0,12420789.47826087,129598027.0
6.0,1643.0,71.0,1000.0,1.0,105.0,0.105,133.0,0.209375,100601.44444444444,237261881.0,229087296.0,237261881.0,1244178.0,135427.76,237499.38038038037,8272908.0
4.0,250.0,8.0,216.0,1.0,14.0,0.06481481481481481,1.0,0.06060606060606061,2725.3333333333335,159273247.0,70826903.0,139705263.0,32829.0,4851.0,649791.9209302325,27196633.0
7.0,1008.0,73.0,244.0,1.0,71.0,0.29098360655737704,94.0,0.1270053475935829,30036.766187050358,16955315.0,10833130.0,16955315.0,368692.0,61047.333333333336,69774.95884773662,378873.0
4.0,67.0,7.0,49.0,1.0,5.0,0.10204081632653061,1.0,0.10526315789473684,17536.666666666668,29374118.0,8475.0,29327336.0,74610.0,17536.666666666668,610986.1666666666,33709.0
3.0,15.0,1.0,13.0,1.0,1.0,0.07692307692307693,0.0,0.3333333333333333,0.0,64889.0,3649.0,64889.0,25268.0,0.0,5407.416666666667,28917.0
8.0,6111.0,89.0,2419.0,1.0,368.0,0.15212897891690783,469.0,0.1327683615819209,79630.48950131233,56486453.0,26488.0,56467233.0,48191.0,3637.375,23352.86724565757,25316.0
5.0,323.0,26.0,230.0,1.0,24.0,0.10434782608695652,5.0,0.06666666666666667,6291.533333333334,343139108.0,272852493.0,343139108.0,72042.0,7614.833333333333,1498424.0524017466,100906655.0
8.0,6835.0,92.0,2765.0,1.0,540.0,0.19529837251356238,470.0,0.11696051651353365,45753.302878598246,17351565.0,14908509.0,16453509.0,93424.0,13727.28947368421,5952.789073806078,366226.0
9.0,3538.0,71.0,1813.0,1.0,237.0,0.13072255929398788,213.0,0.1305674191580232,391578.66946778714,342029981.0,252565672.0,341878739.0,87116.0,7861.630434782609,188674.80077262694,60663146.0
6.0,150.0,19.0,67.0,1.0,17.0,0.2537313432835821,6.0,0.08641975308641975,16061.136363636364,56840668.0,0.0,288253.0,182761.0,8822.583333333334,4367.469696969697,25247.0
6.0,242.0,13.0,95.0,1.0,27.0,0.28421052631578947,8.0,0.06428571428571428,8965.26,86947527.0,17197977.0,86864307.0,83220.0,15713.285714285714,924088.3723404255,25358.0
3.0,16.0,1.0,14.0,1.0,1.0,0.07142857142857142,1.0,0.6666666666666666,0.0,143681392.0,114047803.0,143681392.0,25269.0,0.0,11052414.76923077,114073072.0
3.0,4.0,2.0,1.0,1.0,1.0,1.0,0.0,0.25,0.0,34182.0,0.0,0.0,34182.0,0.0,0.0,26109.0
5.0,90.0,9.0,66.0,1.0,6.0,0.09090909090909091,4.0,0.20833333333333334,106937.5,1765494.0,6658.0,1765494.0,260548.0,68213.0,27161.446153846155,31935.0
5.0,1165.0,19.0,963.0,1.0,106.0,0.11007268951194185,22.0,0.11616161616161616,7079.04,330477103.0,74207874.0,330477103.0,29399.0,1442.6666666666667,343531.2920997921,59562205.0
10.0,3118.0,56.0,1789.0,1.0,248.0,0.13862493012856344,256.0,0.20188531029065201,22430.038004750593,323820395.0,272809251.0,323820395.0,103246.0,11459.362068965518,181107.6034675615,43557684.0
8.0,4499.0,86.0,1636.0,1.0,505.0,0.308679706601467,366.0,0.1328266377126312,46489.02111613876,45024221.0,26349724.0,44815074.0,4106010.0,391318.23076923075,27409.83119266055,314249.0
3.0,49.0,10.0,34.0,1.0,4.0,0.11764705882352941,6.0,0.4375,0.0,263004752.0,262915267.0,262924959.0,25211.0,0.0,7967423.0,116743748.0
6.0,363.0,3.0,300.0,1.0,31.0,0.10333333333333333,5.0,0.10344827586206896,4449.8125,63666748.0,14199570.0,62780150.0,57419.0,14525.0,209967.0568561873,65947.0
3.0,40.0,1.0,38.0,1.0,1.0,0.02631578947368421,0.0,0.3333333333333333,0.0,250038535.0,60567189.0,250038535.0,28468.0,0.0,6757798.243243244,60595657.0
3.0,157.0,1.0,155.0,1.0,1.0,0.0064516129032258064,0.0,0.3333333333333333,0.0,312161740.0,103257354.0,312161740.0,25504.0,0.0,2027024.2857142857,103282858.0
5.0,158.0,19.0,123.0,1.0,11.0,0.08943089430894309,7.0,0.2222222222222222,62348.25,255786897.0,193865013.0,255786897.0,263109.0,62348.25,2096613.9098360655,50496935.0
2.0,9.0,0.0,8.0,0.0,0.0,0.0,0.0,0.5,0.0,315616998.0,0.0,315616998.0,0.0,0.0,45088142.571428575,0.0
6.0,1594.0,72.0,1004.0,1.0,93.0,0.09262948207171315,87.0,0.1494057724957555,68069.04040404041,74661863.0,5917135.0,74535080.0,28772566.0,125904.66,74312.14356929212,36742.0
9.0,1884.0,54.0,994.0,1.0,128.0,0.12877263581488935,204.0,0.23948598130841123,30073.436314363145,338732535.0,314634105.0,338732535.0,1081005.0,64183.09090909091,341120.37764350453,215498982.0
6.0,107.0,29.0,47.0,1.0,3.0,0.06382978723404255,9.0,0.16393442622950818,9149.761904761905,9606783.0,2574549.0,9606783.0,124254.0,9565.8,208843.10869565216,948270.0
6.0,748.0,79.0,61.0,1.0,27.0,0.4426229508196721,66.0,0.10044977511244378,8961.948275862069,122840913.0,67398832.0,122840913.0,411697.0,28021.125,2047348.55,52118278.0
9.0,726.0,60.0,447.0,1.0,46.0,0.1029082774049217,36.0,0.137546468401487,13322.0,82774158.0,37627.0,82774158.0,110525.0,18511.926829268294,185592.28251121077,27398.0
9.0,23461.0,93.0,9498.0,1.0,1637.0,0.17235207412086756,1696.0,0.12631187197618163,29971.360275150473,16908282.0,12619870.0,16190837.0,151111.0,16700.07843137255,1704.8370011582606,26299.0
4.0,187.0,12.0,137.0,1.0,17.0,0.12408759124087591,2.0,0.06,2622.0,262916417.0,220559878.0,262916417.0,29589.0,3149.3333333333335,1933208.9485294118,27822.0
7.0,180.0,27.0,65.0,2.0,15.0,0.23076923076923078,31.0,0.2782608695652174,15525.328125,175589896.0,160601308.0,175589896.0,190017.0,17763.676470588234,2743592.125,35493502.0
6.0,915.0,85.0,541.0,1.0,56.0,0.10351201478743069,50.0,0.14206128133704735,6485.739130434783,313543169.0,252809599.0,313543169.0,116195.0,2836.6666666666665,580635.4981481482,126343005.0
4.0,54.0,4.0,43.0,1.0,3.0,0.06976744186046512,0.0,0.09090909090909091,68.5,207368.0,0.0,207368.0,25978.0,68.5,4937.333333333333,25320.0
7.0,819.0,48.0,338.0,1.0,38.0,0.11242603550295859,80.0,0.17802197802197803,56579.039024390244,108218532.0,1044996.0,108218532.0,887491.0,72095.52307692308,321123.2403560831,25234.0
4.0,170.0,12.0,108.0,1.0,15.0,0.1388888888888889,4.0,0.09090909090909091,4574.75,2022393.0,966.0,2022393.0,29213.0,1007.0,18900.869158878504,25271.0
9.0,1378.0,23.0,1025.0,1.0,113.0,0.11024390243902439,51.0,0.14772727272727273,36639.43137254902,151733096.0,63677067.0,151733096.0,88312.0,10287.5,148176.8515625,36328.0
4.0,74.0,6.0,55.0,2.0,7.0,0.12727272727272726,7.0,0.4,4077.5714285714284,289135828.0,147467456.0,289107978.0,25494.0,194.0,5353851.444444444,85743195.0
10.0,1506.0,69.0,625.0,1.0,147.0,0.2352,95.0,0.11334120425029516,43317.36393442623,293659814.0,288389748.0,293340669.0,101527.0,10216.219512195123,470097.22596153844,53498928.0
6.0,100.0,9.0,42.0,1.0,9.0,0.21428571428571427,3.0,0.07142857142857142,292602.05263157893,292859425.0,111525441.0,292859425.0,257779.0,2820.5,7142912.804878049,46821185.0
10.0,8565.0,88.0,2730.0,1.0,952.0,0.3487179487179487,626.0,0.11117021276595744,55402.43614764531,36998260.0,27413352.0,36869165.0,860388.0,69354.32558139534,13510.137412971784,100071.0
6.0,90.0,13.0,48.0,1.0,10.0,0.20833333333333334,8.0,0.21428571428571427,7977.416666666667,83114533.0,45203071.0,83114533.0,90840.0,7415.5,1768394.319148936,25408.0
5.0,264.0,25.0,218.0,1.0,6.0,0.027522935779816515,6.0,0.14893617021276595,15526.75,107388361.0,601.0,1118335.0,107387760.0,16903.18181818182,5153.617511520737,25874.0
4.0,595.0,10.0,474.0,1.0,52.0,0.10970464135021098,15.0,0.13445378151260504,107933.5,316502644.0,105439463.0,316477369.0,94190.0,35546.0,669085.3467230444,63111107.0
9.0,2364.0,84.0,1526.0,1.0,79.0,0.051769331585845346,140.0,0.17758186397984888,18989.169811320753,98579046.0,8217963.0,98579046.0,110525.0,18511.926829268294,64641.99737704918,71244.0
5.0,212.0,30.0,138.0,1.0,18.0,0.13043478260869565,11.0,0.16216216216216217,100489.15384615384,1229137.0,0.0,192957.0,1229137.0,116235.72727272728,1408.4452554744526,25208.0
6.0,1819.0,37.0,1072.0,1.0,177.0,0.16511194029850745,111.0,0.1553398058252427,27702.429577464787,202800372.0,48227623.0,202800372.0,452082.0,2123.3333333333335,189356.08963585435,31519.0
3.0,14.0,4.0,8.0,1.0,2.0,0.25,0.0,0.14285714285714285,0.0,264191761.0,209698296.0,264191761.0,45046.0,0.0,37741680.14285714,209723571.0
8.0,328.0,38.0,137.0,1.0,23.0,0.1678832116788321,20.0,0.11229946524064172,58959.16176470588,300389348.0,292078001.0,300293170.0,664048.0,73922.15384615384,2208038.0147058824,112716996.0
9.0,947.0,60.0,580.0,1.0,58.0,0.1,43.0,0.12464589235127478,11949.128205128205,88801987.0,6065456.0,88801987.0,110525.0,18511.926829268294,153371.30742659757,43846.0
4.0,4.0,1.0,1.0,1.0,1.0,1.0,0.0,0.25,43.0,25377.0,0.0,0.0,25377.0,43.0,0.0,25334.0
3.0,5.0,1.0,3.0,1.0,1.0,0.3333333333333333,0.0,0.3333333333333333,0.0,52348167.0,6094424.0,52348167.0,25308.0,0.0,26174083.5,6119732.0
11.0,4986.0,81.0,2554.0,1.0,362.0,0.1417384494909945,370.0,0.15693739424703892,14128.832223701731,56226610.0,43454316.0,56226610.0,206834.0,12330.253731343284,22023.740697218956,28302.0
4.0,138.0,21.0,75.0,1.0,20.0,0.26666666666666666,3.0,0.06451612903225806,899.875,4059493.0,295859.0,4059493.0,25996.0,377.0,54858.01351351351,25578.0
8.0,241.0,29.0,66.0,1.0,12.0,0.18181818181818182,26.0,0.16071428571428573,77807.01190476191,55698644.0,335118.0,55698644.0,1021075.0,96191.3880597015,856902.2153846154,26894.0
8.0,2200.0,90.0,581.0,1.0,106.0,0.18244406196213425,361.0,0.22724419334588827,282559.1085271318,331938262.0,324504607.0,331938262.0,2406787.0,61310.56451612903,572307.348275862,60049913.0
5.0,300.0,41.0,136.0,1.0,27.0,0.19852941176470587,23.0,0.15894039735099338,39076.71428571428,82938039.0,11840733.0,82938039.0,79636.0,2115.0,614355.8444444444,11826039.0
10.0,3510.0,78.0,2909.0,1.0,127.0,0.04365761430044689,68.0,0.12212389380530973,103062.1559139785,328905424.0,316629432.0,328905424.0,764687.0,62426.5625,113103.65337001375,47425915.0
8.0,1477.0,89.0,705.0,1.0,114.0,0.16170212765957448,138.0,0.19041095890410958,109295.272,342818074.0,195873747.0,342818074.0,59764.0,8592.985074626866,486957.4914772727,82594992.0
3.0,100.0,1.0,88.0,1.0,11.0,0.125,1.0,0.15384615384615385,0.0,228531399.0,17865.0,228531399.0,92375.0,0.0,2626797.6896551726,43145.0
9.0,3601.0,86.0,964.0,1.0,264.0,0.27385892116182575,269.0,0.10293556995806329,37049.997088791846,67949674.0,59195467.0,67949674.0,451141.0,92663.62857142858,70560.40913811007,51439402.0
6.0,901.0,81.0,307.0,1.0,57.0,0.18566775244299674,54.0,0.09615384615384616,12480.654676258993,322304782.0,315302680.0,322268975.0,65191.0,5611.0,1053166.5849673203,46022970.0
3.0,129.0,2.0,121.0,1.0,5.0,0.04132231404958678,3.0,0.5,0.0,294293453.0,173467335.0,294293453.0,25462.0,0.0,2452445.441666667,148264259.0
7.0,1386.0,41.0,904.0,3.0,105.0,0.1161504424778761,43.0,0.09147609147609148,4373.104895104895,359014235.0,326104721.0,359014235.0,94330.0,3998.327272727273,397579.4407530454,90818985.0
8.0,3238.0,85.0,2018.0,1.0,225.0,0.11149653121902874,137.0,0.12010443864229765,15778.759197324414,112789061.0,513.0,112789061.0,793672.0,17999.636363636364,55919.21715418939,25649.0
8.0,2304.0,72.0,1016.0,1.0,194.0,0.19094488188976377,158.0,0.12402496099843993,67725.76595744681,77245798.0,60743761.0,77191864.0,108237.0,9698.263157894737,76051.09753694582,148921.0
3.0,36.0,3.0,29.0,1.0,4.0,0.13793103448275862,0.0,0.14285714285714285,0.0,240827886.0,43679283.0,240799906.0,79199.0,0.0,8599996.642857144,1130111.0
4.0,359.0,6.0,321.0,1.0,20.0,0.06230529595015576,7.0,0.21052631578947367,1052.0,321894899.0,147948261.0,321894899.0,124260.0,1481.0,1005921.559375,84780628.0
3.0,46.0,2.0,40.0,1.0,4.0,0.1,2.0,0.42857142857142855,0.0,2627742.0,661566.0,2627742.0,25283.0,0.0,67378.0,26224.0
8.0,2698.0,68.0,937.0,1.0,201.0,0.21451440768409819,211.0,0.12522150029533372,122826.01890756302,255265176.0,196150951.0,254563704.0,42300985.0,8965.142857142857,271969.76923076925,9653097.0
5.0,721.0,73.0,254.0,1.0,48.0,0.1889763779527559,55.0,0.12043010752688173,5511.666666666667,320113206.0,252520362.0,320113206.0,534255.0,1825.6,1265269.5889328064,41336291.0
4.0,20.0,3.0,13.0,1.0,2.0,0.15384615384615385,1.0,0.25,10748.0,283913894.0,173143045.0,283877527.0,36367.0,10748.0,23656460.583333332,173168342.0
4.0,16.0,10.0,1.0,1.0,1.0,1.0,2.0,0.1875,246742.5,561389.0,0.0,0.0,561389.0,246742.5,0.0,25305.0
4.0,68.0,2.0,47.0,1.0,12.0,0.2553191489361702,2.0,0.13636363636363635,3252.5,256322651.0,89983756.0,256322651.0,30079.0,4253.0,5572231.543478261,90009925.0
4.0,13.0,1.0,9.0,1.0,2.0,0.2222222222222222,2.0,0.6,207.0,314524365.0,122501558.0,314524365.0,25437.0,207.0,39315545.625,122526788.0
5.0,310.0,15.0,263.0,2.0,12.0,0.045627376425855515,2.0,0.0625,4910.722222222223,286971616.0,221898872.0,286971616.0,63120.0,5171.35294117647,1095311.5114503817,63202516.0
8.0,234.0,69.0,82.0,1.0,15.0,0.18292682926829268,38.0,0.2565789473684211,105316.41860465116,302936024.0,277611849.0,302936024.0,59990.0,6452.2,3739950.9135802467,184286958.0
9.0,1720.0,79.0,440.0,1.0,101.0,0.22954545454545455,98.0,0.08108108108108109,168758.687150838,305430358.0,262139531.0,305172096.0,740084.0,9755.81081081081,695152.8382687927,80145866.0
4.0,51.0,8.0,23.0,1.0,7.0,0.30434782608695654,2.0,0.10714285714285714,17544.0,209655224.0,209554294.0,209554294.0,28277.0,301.0,9525195.181818182,5663993.0
9.0,1095.0,69.0,638.0,1.0,54.0,0.08463949843260188,107.0,0.23580786026200873,231144.671875,55165311.0,2133744.0,54908197.0,86491.0,8034.692307692308,86198.1114599686,2148819.0
3.0,58.0,6.0,46.0,1.0,4.0,0.08695652173913043,2.0,0.23076923076923078,0.0,756987.0,5393.0,756987.0,27028.0,0.0,16821.933333333334,30048.0
2.0,4.0,0.0,3.0,0.0,0.0,0.0,0.0,0.5,0.0,319565208.0,0.0,319565208.0,0.0,0.0,159782604.0,0.0
10.0,2771.0,87.0,1020.0,1.0,174.0,0.17058823529411765,200.0,0.11538461538461539,65672.06292134832,12884299.0,5679.0,12884299.0,218581.0,21153.05,12644.06182531894,26719.0
5.0,1438.0,26.0,1222.0,1.0,71.0,0.05810147299509002,25.0,0.125,6965.130434782609,75586287.0,63415564.0,75586287.0,35847.0,1023.0,61905.23095823096,2260298.0
9.0,1901.0,62.0,969.0,1.0,163.0,0.16821465428276575,160.0,0.18069584736251404,20293.28125,277925.0,23909.0,72903.0,156384.0,9037.92857142857,75.31301652892562,25909.0
3.0,20.0,3.0,13.0,1.0,4.0,0.3076923076923077,0.0,0.125,0.0,220098492.0,219524526.0,220098492.0,57234.0,0.0,18341541.0,191970352.0
3.0,10.0,1.0,8.0,1.0,1.0,0.125,1.0,0.6666666666666666,0.0,228841682.0,211188692.0,228841682.0,30821.0,0.0,32691668.85714286,211219513.0
6.0,161.0,60.0,13.0,1.0,6.0,0.46153846153846156,15.0,0.10810810810810811,5316.347826086957,12554781.0,545312.0,12554781.0,113615.0,3345.2571428571428,1046231.75,25209.0
3.0,41.0,1.0,37.0,1.0,3.0,0.08108108108108109,2.0,0.6,0.0,177927020.0,22305967.0,177927020.0,25343.0,0.0,4942417.222222222,22344686.0
3.0,6.0,1.0,4.0,1.0,1.0,0.25,0.0,0.3333333333333333,0.0,88629.0,402.0,88629.0,26223.0,0.0,29543.0,26625.0
9.0,10826.0,78.0,4645.0,1.0,870.0,0.18729817007534985,529.0,0.08989145183175033,62642.68708971554,224493315.0,35705833.0,223850856.0,344158.0,16201.438596491229,48202.165374677,25533.0
4.0,155.0,2.0,146.0,1.0,5.0,0.03424657534246575,1.0,0.2,5965.5,327887452.0,170568611.0,327887452.0,37083.0,11806.0,2261292.772413793,69017329.0
7.0,1101.0,83.0,484.0,1.0,60.0,0.12396694214876033,46.0,0.0817391304347826,12872.736434108527,44142460.0,36287.0,28927522.0,120936.0,8121.533333333334,59891.34989648033,60744.0
4.0,451.0,3.0,414.0,1.0,21.0,0.050724637681159424,5.0,0.15789473684210525,8726.25,250908379.0,29214343.0,250908379.0,36333.0,8541.0,607526.3414043584,4879289.0
6.0,445.0,21.0,222.0,1.0,60.0,0.2702702702702703,14.0,0.07075471698113207,27813.83606557377,357591427.0,336808520.0,357564934.0,98740.0,27055.8,1617940.8778280544,82803011.0
4.0,23.0,3.0,15.0,1.0,3.0,0.2,0.0,0.1111111111111111,185202.5,285083494.0,95783918.0,285083494.0,632773.0,725.0,20363106.714285713,95809336.0
7.0,55.0,22.0,25.0,1.0,2.0,0.08,3.0,0.12903225806451613,1255.5,147848.0,61542.0,147848.0,49720.0,1255.5,6160.333333333333,86857.0
3.0,117.0,4.0,107.0,1.0,6.0,0.056074766355140186,1.0,0.18181818181818182,0.0,285760315.0,224181221.0,285734941.0,25230.0,0.0,2695612.650943396,39403769.0
4.0,45.0,2.0,40.0,1.0,2.0,0.05,0.0,0.2,9988.0,516182.0,37100.0,490898.0,37377.0,9988.0,12587.128205128205,64489.0
4.0,49.0,20.0,22.0,1.0,3.0,0.13636363636363635,3.0,0.15384615384615385,309417.5,843228.0,201725.0,254741.0,641503.0,309417.5,12130.52380952381,58855.0
7.0,374.0,85.0,55.0,1.0,30.0,0.5454545454545454,49.0,0.1597444089456869,19866.625,276103194.0,249353132.0,275769450.0,1507098.0,18485.235294117647,5106841.666666667,54091250.0
4.0,139.0,5.0,108.0,1.0,14.0,0.12962962962962962,0.0,0.03333333333333333,6118.0,224252656.0,0.0,224252656.0,55991.0,27778.0,2095819.214953271,27088.0
8.0,1052.0,33.0,815.0,1.0,82.0,0.10061349693251534,30.0,0.13025210084033614,7527.0,312559886.0,247750909.0,312559886.0,110560.0,19450.3,383980.2039312039,35561866.0
7.0,935.0,14.0,563.0,1.0,142.0,0.2522202486678508,77.0,0.21195652173913043,524208.21428571426,257903310.0,147133665.0,257813601.0,151691.0,5915.857142857143,458743.0622775801,115096.0
4.0,48.0,9.0,27.0,1.0,4.0,0.14814814814814814,6.0,0.3181818181818182,1893.0,139510367.0,139476972.0,139476972.0,33395.0,1893.0,5364498.923076923,28951504.0
8.0,1167.0,83.0,749.0,1.0,59.0,0.0787716955941255,97.0,0.24257425742574257,29718.186206896553,300009037.0,202793457.0,300009037.0,174455.0,32078.658536585364,401081.60026737966,53359828.0
3.0,9.0,1.0,7.0,1.0,1.0,0.14285714285714285,0.0,0.3333333333333333,0.0,289907490.0,289882078.0,289882078.0,25412.0,0.0,48313679.666666664,289907490.0
6.0,978.0,41.0,744.0,1.0,65.0,0.08736559139784947,49.0,0.2183406113537118,49897.234042553195,357610803.0,269673227.0,357610803.0,92777.0,10068.857142857143,481306.598923284,120441335.0
3.0,18.0,1.0,15.0,1.0,2.0,0.13333333333333333,0.0,0.25,0.0,202351.0,90170.0,202351.0,25465.0,0.0,14453.642857142857,115635.0
3.0,24.0,3.0,20.0,1.0,1.0,0.05,1.0,0.4,0.0,199650487.0,199545308.0,199650487.0,46907.0,0.0,10507920.368421054,199571134.0
3.0,185.0,2.0,180.0,1.0,3.0,0.016666666666666666,0.0,0.2,0.0,114752231.0,96002953.0,114752231.0,25230.0,0.0,641073.9162011173,24931248.0
4.0,39.0,4.0,27.0,1.0,6.0,0.2222222222222222,1.0,0.15384615384615385,267.0,97740018.0,0.0,97714562.0,25798.0,267.0,3758252.3846153845,25228.0
4.0,128.0,2.0,121.0,1.0,4.0,0.03305785123966942,2.0,0.375,454.0,320930019.0,164851867.0,320930019.0,1055725.0,454.0,2674416.825,164877312.0
7.0,1664.0,78.0,682.0,1.0,114.0,0.16715542521994134,50.0,0.05257731958762887,12108.828451882846,69229689.0,576657.0,69229689.0,713521.0,18666.513513513513,101658.8678414097,25432.0
6.0,369.0,37.0,226.0,1.0,9.0,0.03982300884955752,9.0,0.07092198581560284,19479.708333333332,340609781.0,318488716.0,340484585.0,125196.0,10509.024390243903,1513264.822222222,86132010.0
4.0,24.0,2.0,17.0,1.0,3.0,0.17647058823529413,0.0,0.14285714285714285,2524.0,78060.0,2726.0,52776.0,27914.0,2524.0,3298.5,28006.0
3.0,7.0,3.0,3.0,1.0,1.0,0.3333333333333333,3.0,0.8,0.0,18967358.0,18937277.0,18937277.0,30081.0,0.0,9468638.5,18962487.0
3.0,7.0,1.0,4.0,1.0,2.0,0.5,1.0,0.5,0.0,79970921.0,0.0,79970921.0,43720.0,0.0,26656973.666666668,43720.0
7.0,1086.0,37.0,495.0,1.0,120.0,0.24242424242424243,67.0,0.11992945326278659,100900.08968609865,94055960.0,6966226.0,94030699.0,305844.0,67790.41379310345,190345.54453441297,25386.0
5.0,3814.0,87.0,3130.0,1.0,146.0,0.04664536741214057,73.0,0.11332312404287902,194312.39423076922,39611022.0,35066641.0,39611022.0,67882.0,914.0,12659.323106423777,821902.0
7.0,1735.0,37.0,1541.0,3.0,48.0,0.031148604802076575,20.0,0.11413043478260869,25952.918604651164,193413650.0,170673421.0,193413650.0,336182.0,13995.507692307692,125593.27922077922,50683.0
3.0,17.0,2.0,14.0,1.0,1.0,0.07142857142857142,0.0,0.25,0.0,163440604.0,163412644.0,163412644.0,27960.0,0.0,12570203.384615384,163437936.0
6.0,589.0,76.0,151.0,1.0,36.0,0.23841059602649006,40.0,0.09382151029748284,24321.3125,290961105.0,265510158.0,290961105.0,119262.0,9127.181818181818,1939740.7,86485236.0
3.0,44.0,1.0,42.0,1.0,1.0,0.023809523809523808,0.0,0.3333333333333333,0.0,229298812.0,71701133.0,229298812.0,26149.0,0.0,5592653.951219512,71727282.0
3.0,6.0,1.0,4.0,1.0,1.0,0.25,0.0,0.3333333333333333,0.0,20473585.0,20445231.0,20449108.0,28354.0,0.0,6816369.333333333,20473585.0
4.0,12.0,2.0,6.0,1.0,2.0,0.3333333333333333,1.0,0.2857142857142857,310.5,123245679.0,3052391.0,123219411.0,26268.0,310.5,24643882.2,3077640.0
4.0,154.0,15.0,94.0,1.0,14.0,0.14893617021276595,8.0,0.15789473684210525,943.75,64129664.0,51127003.0,64103792.0,28606.0,537.4,689288.0860215054,25219.0
3.0,3.0,1.0,1.0,1.0,1.0,1.0,0.0,0.3333333333333333,0.0,40369.0,0.0,0.0,40369.0,0.0,0.0,40369.0
6.0,1676.0,44.0,1244.0,1.0,88.0,0.0707395498392283,47.0,0.11851851851851852,13204.012048192772,96149482.0,2936.0,96149482.0,68072.0,13798.214285714286,77352.7610619469,25697.0
8.0,872.0,51.0,524.0,1.0,68.0,0.1297709923664122,65.0,0.19298245614035087,15761.632352941177,98691315.0,30525.0,98691315.0,353102.0,19128.30769230769,188702.32313575526,27921.0
4.0,62.0,2.0,55.0,1.0,4.0,0.07272727272727272,3.0,0.5,28.0,294099154.0,120173610.0,294073852.0,28416.0,28.0,5445812.074074074,119383000.0
5.0,298.0,54.0,173.0,1.0,9.0,0.05202312138728324,15.0,0.13445378151260504,35655.171428571426,97865927.0,56993514.0,97865927.0,1131707.0,45269.81481481482,568987.9476744186,521086.0
9.0,3815.0,63.0,2434.0,1.0,281.0,0.11544782251437963,192.0,0.1445692883895131,242698.8536585366,46904318.0,1932282.0,46753152.0,2078679.0,250610.64285714287,19216.25647348952,80915.0
2.0,39.0,0.0,38.0,0.0,0.0,0.0,0.0,0.5,0.0,5586406.0,0.0,5586406.0,0.0,0.0,150983.94594594595,0.0
5.0,550.0,6.0,390.0,1.0,86.0,0.2205128205128205,23.0,0.1509433962264151,80661.63157894737,303211622.0,188199711.0,302852197.0,262268.0,37515.5,778540.35218509,29588897.0
3.0,24.0,6.0,15.0,1.0,3.0,0.2,2.0,0.3,0.0,61189036.0,63287.0,61189036.0,25224.0,0.0,4370645.428571428,66458.0
4.0,36.0,4.0,18.0,1.0,5.0,0.2777777777777778,2.0,0.1875,718.6,549276.0,8149.0,549276.0,25632.0,55.5,32310.352941176472,25312.0
7.0,2974.0,80.0,1305.0,1.0,139.0,0.10651340996168582,159.0,0.10101010101010101,93508.15837104073,82491458.0,17273963.0,82491458.0,2136679.0,698.2222222222222,63260.32055214724,28444.0
6.0,265.0,65.0,88.0,1.0,15.0,0.17045454545454544,33.0,0.19101123595505617,24365.371428571427,319333899.0,302924807.0,319333899.0,356157.0,28872.60714285714,3670504.5862068967,127452963.0
6.0,2199.0,30.0,1882.0,2.0,86.0,0.04569606801275239,69.0,0.22012578616352202,5573.321428571428,271241482.0,23510656.0,271241482.0,84025.0,12191.555555555555,144200.68155236577,370341.0
9.0,2626.0,82.0,771.0,1.0,297.0,0.3852140077821012,459.0,0.2574146614437605,44879.34455445545,83125232.0,2872092.0,82892101.0,2631037.0,157643.08333333334,107652.07922077923,26828.0
5.0,109.0,26.0,30.0,1.0,7.0,0.23333333333333334,5.0,0.07894736842105263,951.6279069767442,62022554.0,1406620.0,62022554.0,45363.0,969.8809523809524,2138708.7586206896,27555.0
9.0,2096.0,72.0,431.0,1.0,94.0,0.21809744779582366,460.0,0.2866915422885572,155721.56887052342,76275938.0,55033911.0,76275938.0,186314.0,17525.0,177385.90232558138,12841314.0
7.0,2605.0,80.0,1495.0,1.0,247.0,0.16521739130434782,217.0,0.20018365472910926,37188.71428571428,266343831.0,196773596.0,265700685.0,36877.0,1939.7777777777778,177845.1706827309,196370910.0
10.0,2771.0,87.0,1020.0,1.0,174.0,0.17058823529411765,200.0,0.11538461538461539,65672.06292134832,12884299.0,5679.0,12884299.0,218581.0,21153.05,12644.06182531894,26719.0
3.0,65.0,2.0,61.0,1.0,2.0,0.03278688524590164,0.0,0.2,0.0,260563818.0,35277.0,260563818.0,43149.0,0.0,4342730.3,60957.0
4.0,15.0,5.0,4.0,1.0,3.0,0.75,2.0,0.25,1660.5,153814564.0,153762008.0,153789298.0,49509.0,1660.5,51263099.333333336,147750563.0
3.0,116.0,1.0,111.0,1.0,4.0,0.036036036036036036,1.0,0.3333333333333333,0.0,276815040.0,17668.0,276815040.0,25354.0,0.0,2516500.3636363638,43243.0
13.0,181.0,8.0,91.0,5.0,5.0,0.054945054945054944,53.0,0.6067415730337079,52735.02597402597,2955418.0,51184.0,2955418.0,415252.0,56966.43661971831,32837.97777777778,25308.0
3.0,52.0,38.0,13.0,1.0,1.0,0.07692307692307693,8.0,0.23684210526315788,0.0,335860.0,136.0,335860.0,119988.0,0.0,27988.333333333332,25355.0
7.0,92.0,11.0,30.0,2.0,8.0,0.26666666666666666,4.0,0.07936507936507936,1540.388888888889,16940293.0,16888520.0,16940293.0,35852.0,3749.230769230769,584148.0344827586,25396.0
7.0,438.0,46.0,185.0,1.0,37.0,0.2,42.0,0.17695473251028807,37950.875,155457245.0,64726602.0,155457245.0,230392.0,7646.636363636364,844876.3315217391,26799.0
8.0,1470.0,76.0,661.0,1.0,99.0,0.14977307110438728,113.0,0.14430379746835442,48471.02868852459,354176168.0,350592149.0,353962238.0,579903.0,55799.78571428572,536306.4212121213,97675160.0
7.0,233.0,42.0,100.0,1.0,17.0,0.17,34.0,0.26119402985074625,7469.509090909091,256973788.0,242218766.0,256973788.0,113941.0,7252.584905660377,2595694.8282828284,129072348.0
4.0,17.0,3.0,11.0,1.0,1.0,0.09090909090909091,1.0,0.2857142857142857,283.5,244297886.0,124225231.0,244297886.0,26038.0,283.5,24429788.6,124250522.0
8.0,4439.0,85.0,1540.0,1.0,347.0,0.22532467532467532,318.0,0.1162112932604736,57928.0,153583122.0,143204243.0,153530176.0,63946.0,4621.228070175439,99759.69850552306,274340.0
7.0,174.0,58.0,30.0,1.0,13.0,0.43333333333333335,18.0,0.1357142857142857,20616.68888888889,84689219.0,67034747.0,84689219.0,318358.0,38667.72727272727,2920317.896551724,19441776.0
3.0,4.0,1.0,2.0,1.0,1.0,0.5,1.0,0.6666666666666666,0.0,11590083.0,0.0,11590083.0,25364.0,0.0,11590083.0,25364.0
3.0,29.0,1.0,25.0,1.0,3.0,0.12,1.0,0.4,0.0,135455.0,2168.0,135455.0,25286.0,0.0,5643.958333333333,27454.0
6.0,255.0,27.0,146.0,1.0,22.0,0.1506849315068493,6.0,0.06363636363636363,8527.04347826087,42631291.0,4064.0,42631291.0,76802.0,9251.058823529413,294008.9034482759,25466.0
4.0,72.0,28.0,35.0,1.0,6.0,0.17142857142857143,9.0,0.2631578947368421,1155.0,286702050.0,70996466.0,286702050.0,577448.0,402.0,8432413.235294119,23523088.0
10.0,6100.0,101.0,1453.0,1.0,322.0,0.22161046111493463,603.0,0.13419240168851365,20837.509560229446,339411657.0,335871734.0,339360339.0,150816.0,15088.142857142857,233719.2417355372,60904704.0
9.0,13869.0,89.0,6034.0,1.0,951.0,0.15760689426582697,794.0,0.10743243243243243,45606.83371735791,21064788.0,14291104.0,20267235.0,415517.0,36384.333333333336,3359.395822973645,153473.0
3.0,60.0,2.0,55.0,1.0,3.0,0.05454545454545454,0.0,0.16666666666666666,0.0,241734.0,67408.0,241734.0,26131.0,0.0,4476.555555555556,46344.0
8.0,2704.0,59.0,1620.0,1.0,199.0,0.12283950617283951,334.0,0.32587548638132297,165520.6083916084,329745826.0,286131865.0,329620373.0,16385057.0,519020.0512820513,203595.04200123533,121055240.0
7.0,1895.0,84.0,976.0,1.0,106.0,0.10860655737704918,93.0,0.10307017543859649,12648.218623481782,61033156.0,31503881.0,61033156.0,111348.0,6660.6,62598.108717948715,25953.0
3.0,13.0,4.0,8.0,1.0,1.0,0.125,0.0,0.16666666666666666,0.0,49398641.0,7964906.0,49398641.0,25531.0,0.0,7056948.714285715,7990117.0
8.0,14540.0,90.0,6238.0,1.0,1321.0,0.2117665918563642,942.0,0.11885555835644064,32523.238392857143,19272228.0,319893.0,19079348.0,1387616.0,231860.9090909091,3059.0585217251883,39243.0
4.0,29.0,3.0,23.0,1.0,1.0,0.043478260869565216,0.0,0.14285714285714285,6481.0,261963369.0,261905339.0,261905339.0,58030.0,6481.0,11904788.136363637,261930563.0
7.0,2900.0,51.0,1781.0,1.0,238.0,0.13363279056709715,242.0,0.23033175355450236,48021.18449197861,188749461.0,86913671.0,188749461.0,346264.0,25055.035714285714,106039.02303370787,304630.0
4.0,481.0,4.0,450.0,1.0,23.0,0.051111111111111114,7.0,0.25,156367.0,307798510.0,64228122.0,307751278.0,496483.0,234500.5,685414.873051225,33202050.0
5.0,88.0,12.0,60.0,1.0,5.0,0.08333333333333333,7.0,0.2962962962962963,1096.625,272931241.0,257464061.0,272931241.0,63906.0,1096.625,4625953.237288136,63847041.0
9.0,87.0,16.0,30.0,3.0,4.0,0.13333333333333333,1.0,0.034482758620689655,18096.904761904763,88803150.0,82695844.0,88803150.0,110525.0,18511.926829268294,3062177.5862068967,77907619.0
3.0,12.0,2.0,9.0,1.0,1.0,0.1111111111111111,0.0,0.25,0.0,93710401.0,3445023.0,93710401.0,25326.0,0.0,11713800.125,3470267.0
3.0,3.0,1.0,1.0,1.0,1.0,1.0,0.0,0.3333333333333333,0.0,37082.0,0.0,0.0,37082.0,0.0,0.0,37082.0
5.0,380.0,71.0,165.0,1.0,23.0,0.1393939393939394,16.0,0.07906976744186046,13887.138888888889,22604000.0,22452455.0,22452455.0,41049.0,2078.6666666666665,136905.21341463414,25350.0
7.0,209.0,23.0,96.0,1.0,18.0,0.1875,17.0,0.15789473684210525,74327.68181818182,308915828.0,295306813.0,308915828.0,306629.0,5352.5,3251745.557894737,76867127.0
6.0,1287.0,21.0,989.0,1.0,95.0,0.09605662285136501,69.0,0.2356902356902357,82340.3492063492,91947015.0,22050348.0,91529328.0,68302.0,13309.783783783783,92641.02024291498,38720.0
7.0,2042.0,81.0,1288.0,1.0,215.0,0.1669254658385093,164.0,0.22207267833109018,30393.135714285716,80968842.0,72728563.0,80821888.0,348625.0,27301.914285714287,62798.669774669776,67305536.0
4.0,55.0,11.0,22.0,1.0,4.0,0.18181818181818182,1.0,0.06451612903225806,1392.5,54965091.0,46764497.0,54965091.0,2278629.0,2128.0,2617385.285714286,52671.0
4.0,50.0,16.0,21.0,1.0,5.0,0.23809523809523808,2.0,0.10344827586206896,7498.5,4852613.0,3615.0,4852613.0,1175588.0,9088.333333333334,242630.65,27625.0
6.0,163.0,74.0,10.0,1.0,5.0,0.5,19.0,0.14388489208633093,2540.464285714286,240543.0,0.0,100200.0,55997.0,1368.0869565217392,11133.333333333334,25389.0
4.0,117.0,7.0,76.0,1.0,9.0,0.11842105263157894,8.0,0.21428571428571427,2827.0,17793375.0,13279506.0,17767703.0,34671.0,3505.25,236902.70666666667,29406.0
3.0,6.0,1.0,4.0,1.0,1.0,0.25,0.0,0.3333333333333333,0.0,284499531.0,250185042.0,284499531.0,32073.0,0.0,94833177.0,250217115.0
2.0,2.0,0.0,1.0,0.0,0.0,0.0,0.0,0.5,0.0,0.0,0.0,0.0,0.0,0.0,0.0,0.0
4.0,61.0,31.0,23.0,1.0,2.0,0.08695652173913043,5.0,0.15789473684210525,2001.6666666666667,292423681.0,287062854.0,292423681.0,27180.0,1643.0,13291985.5,163958482.0
8.0,3002.0,68.0,1852.0,1.0,277.0,0.1495680345572354,199.0,0.19157088122605365,309788.7355072464,315756337.0,307730760.0,315655206.0,766064.0,125067.04545454546,170532.25607779578,43365160.0
9.0,4284.0,86.0,2239.0,1.0,289.0,0.12907548012505582,304.0,0.15697375193000515,43310.59802306425,85395452.0,83729123.0,85395452.0,116304.0,12542.685185185184,38157.038427167114,147263.0
6.0,197.0,23.0,58.0,1.0,16.0,0.27586206896551724,25.0,0.19696969696969696,43358.74,33796263.0,3762.0,33217838.0,326828.0,23752.904761904763,582769.0877192982,25584.0
4.0,23.0,3.0,15.0,1.0,3.0,0.2,0.0,0.1111111111111111,185202.5,285083494.0,95783918.0,285083494.0,632773.0,725.0,20363106.714285713,95809336.0
6.0,245.0,67.0,66.0,1.0,16.0,0.24242424242424243,19.0,0.11173184357541899,19399.444444444445,161398034.0,132518183.0,161398034.0,396327.0,24653.74074074074,2483046.676923077,58762982.0
3.0,9.0,1.0,7.0,1.0,1.0,0.14285714285714285,0.0,0.3333333333333333,0.0,362283.0,0.0,362283.0,25951.0,0.0,60380.5,25951.0
3.0,46.0,7.0,37.0,1.0,2.0,0.05405405405405406,0.0,0.1111111111111111,0.0,235290694.0,235264048.0,235264048.0,26646.0,0.0,6535112.444444444,233484128.0
4.0,69.0,3.0,50.0,1.0,8.0,0.16,3.0,0.2,5642.0,274563284.0,0.0,274563284.0,31051.0,5642.0,5603332.326530612,30379.0
3.0,16.0,1.0,14.0,1.0,1.0,0.07142857142857142,0.0,0.3333333333333333,0.0,371985.0,283902.0,371985.0,25574.0,0.0,28614.23076923077,309476.0
8.0,2344.0,58.0,1415.0,1.0,261.0,0.18445229681978798,102.0,0.11664779161947905,144329.35593220338,333467989.0,332297933.0,333467989.0,175714.0,27794.875,235833.08981612447,54023516.0
3.0,119.0,1.0,113.0,1.0,5.0,0.04424778761061947,1.0,0.2857142857142857,0.0,79343731.0,0.0,79290075.0,30970.0,0.0,707947.0982142857,30970.0
11.0,21332.0,95.0,4061.0,1.0,1431.0,0.3523762620044324,1931.0,0.11794151761186741,54146.05002352203,21645223.0,7506253.0,20871076.0,758488.0,43707.53703703704,5140.659113300492,60855.0
8.0,2920.0,84.0,1013.0,1.0,210.0,0.2073050345508391,171.0,0.09066947812335266,45159.08816120907,19519727.0,7313698.0,19338261.0,98935.0,5057.241379310345,19108.953557312252,72020.0
6.0,143.0,61.0,45.0,1.0,7.0,0.15555555555555556,20.0,0.22580645161290322,802882.304347826,263733485.0,171477869.0,263733485.0,17585998.0,802882.304347826,5993942.840909091,84376700.0
3.0,106.0,1.0,104.0,1.0,1.0,0.009615384615384616,0.0,0.3333333333333333,0.0,215686040.0,194514781.0,215686040.0,25279.0,0.0,2094039.2233009709,194540060.0
3.0,12.0,1.0,9.0,1.0,2.0,0.2222222222222222,0.0,0.25,0.0,518440.0,3037.0,518440.0,25538.0,0.0,64805.0,28575.0
11.0,3189.0,83.0,920.0,1.0,205.0,0.22282608695652173,509.0,0.23097826086956522,74012.47040498443,337843373.0,333279544.0,337843373.0,519262.0,24768.25316455696,367620.64526659413,103554057.0
6.0,90.0,13.0,48.0,1.0,10.0,0.20833333333333334,8.0,0.21428571428571427,7977.416666666667,83114533.0,45203071.0,83114533.0,90840.0,7415.5,1768394.319148936,25408.0
3.0,4.0,1.0,2.0,1.0,1.0,0.5,1.0,0.6666666666666666,0.0,11590083.0,0.0,11590083.0,25364.0,0.0,11590083.0,25364.0
3.0,24.0,1.0,21.0,1.0,2.0,0.09523809523809523,0.0,0.25,0.0,265460655.0,56471034.0,265460655.0,26136.0,0.0,13273032.75,56497170.0
